asset_id,block,lab,latitude,longitude,cpu_model,cpu_generation,cpu_cores,cpu_clock_ghz,ram_gb,storage_type,storage_gb,gpu,tpm_version,secure_boot_support,purchase_year,current_os,architecture,last_updated
PC-0001,Admin,Programming Lab,11.152094,79.490301,Intel Core i3-6100,6,2,3.7,8,SSD,256,AMD Radeon Vega,None,False,2018,Windows 11,x64,2026-06-01
PC-0002,Library,CAD Lab,11.145161,79.470796,Intel Core i3-6100,6,2,3.7,4,HDD,500,Integrated,None,False,2025,Windows 11,x64,2026-06-01
PC-0003,Block D,AI Lab,11.140208,79.474664,Intel Core i7-9700,9,8,3.0,4,SSD,256,NVIDIA GTX 1050,None,False,2018,Ubuntu 22.04,x64,2026-06-01
PC-0004,Block A,CAD Lab,11.154214,79.491892,Intel Core i3-6100,6,2,3.7,8,SSD,256,AMD Radeon Vega,2.0,True,2018,Ubuntu 24.04,x64,2026-06-01
PC-0005,Block D,Programming Lab,11.147321,79.491137,AMD Ryzen 3 3200G,3,4,3.6,32,SSD,256,Integrated,2.0,True,2020,Ubuntu 24.04,x64,2026-06-01
PC-0006,Block C,Programming Lab,11.149071,79.480945,Intel Core i5-7400,7,4,3.0,16,HDD,500,NVIDIA GTX 1050,1.2,False,2022,Ubuntu 22.04,x64,2026-06-01
PC-0007,Block B,Research Lab,11.146024,79.477344,Intel Core i5-8500,8,6,3.0,16,HDD,500,NVIDIA GTX 1050,2.0,True,2023,Windows 11,x64,2026-06-01
PC-0008,Block C,Research Lab,11.136871,79.470963,AMD Ryzen 5 5600G,5,6,3.9,32,SSD,128,NVIDIA GTX 1050,1.2,False,2023,Windows 10,x64,2026-06-01
PC-0009,Block C,Programming Lab,11.141869,79.497436,Intel Core i5-7400,7,4,3.0,8,SSD,256,NVIDIA GTX 1050,2.0,True,2019,Ubuntu 22.04,x64,2026-06-01
PC-0010,Block C,AI Lab,11.156935,79.481982,Intel Core i5-7400,7,4,3.0,32,SSD,256,Integrated,2.0,True,2019,Ubuntu 22.04,x64,2026-06-01
PC-0011,Library,CAD Lab,11.153762,79.482665,Intel Core i3-6100,6,2,3.7,4,HDD,500,Integrated,None,False,2023,Windows 11,x64,2026-06-01
PC-0012,Block D,Language Lab,11.150451,79.486109,Intel Core i7-9700,9,8,3.0,16,SSD,256,NVIDIA GTX 1050,None,False,2022,Windows 10,x64,2026-06-01
PC-0013,Block A,Network Lab,11.159157,79.492859,Intel Core i7-9700,9,8,3.0,16,SSD,128,AMD Radeon Vega,None,False,2018,Ubuntu 24.04,x64,2026-06-01
PC-0014,Admin,Network Lab,11.146181,79.493359,AMD Ryzen 5 5600G,5,6,3.9,8,SSD,128,AMD Radeon Vega,1.2,False,2017,Windows 11,x64,2026-06-01
PC-0015,Library,Network Lab,11.137184,79.477226,Intel Core i7-9700,9,8,3.0,4,HDD,500,AMD Radeon Vega,1.2,False,2018,Ubuntu 24.04,x64,2026-06-01
PC-0016,Block A,Research Lab,11.149793,79.498405,Intel Core i7-9700,9,8,3.0,16,HDD,500,Integrated,None,False,2021,Windows 11,x64,2026-06-01
PC-0017,Library,Language Lab,11.151388,79.48197,Intel Core i7-9700,9,8,3.0,16,SSD,128,AMD Radeon Vega,2.0,True,2022,Windows 11,x64,2026-06-01
PC-0018,Block D,Language Lab,11.140143,79.487649,Intel Core i7-9700,9,8,3.0,8,HDD,500,Integrated,None,False,2020,Windows 10,x64,2026-06-01
PC-0019,Block A,Programming Lab,11.155789,79.472126,AMD Ryzen 5 5600G,5,6,3.9,8,HDD,500,Integrated,None,False,2021,Windows 10,x64,2026-06-01
PC-0020,Admin,CAD Lab,11.14418,79.493539,Intel Core i5-7400,7,4,3.0,32,SSD,128,NVIDIA GTX 1050,2.0,True,2020,Linux Mint 22,x64,2026-06-01
PC-0021,Block A,Programming Lab,11.144011,79.491872,AMD Ryzen 5 5600G,5,6,3.9,8,SSD,512,AMD Radeon Vega,1.2,False,2018,Ubuntu 22.04,x64,2026-06-01
PC-0022,Block A,CAD Lab,11.135706,79.483458,AMD Ryzen 5 5600G,5,6,3.9,4,SSD,256,NVIDIA GTX 1050,None,False,2019,Windows 11,x64,2026-06-01
PC-0023,Block C,CAD Lab,11.131518,79.499978,Intel Core i5-7400,7,4,3.0,16,HDD,500,Integrated,2.0,True,2018,Windows 10,x64,2026-06-01
PC-0024,Block B,AI Lab,11.157073,79.474939,Intel Core i7-9700,9,8,3.0,16,SSD,512,Integrated,None,False,2023,Ubuntu 22.04,x64,2026-06-01
PC-0025,Block C,CAD Lab,11.149856,79.4846,Intel Core i5-8500,8,6,3.0,32,SSD,512,Integrated,2.0,True,2021,Linux Mint 22,x64,2026-06-01
PC-0026,Block B,Programming Lab,11.131504,79.484304,AMD Ryzen 3 3200G,3,4,3.6,32,HDD,500,AMD Radeon Vega,1.2,False,2019,Windows 10,x64,2026-06-01
PC-0027,Block A,Language Lab,11.150256,79.477056,Intel Core i3-6100,6,2,3.7,4,SSD,128,Integrated,2.0,True,2020,Windows 10,x64,2026-06-01
PC-0028,Library,Language Lab,11.146957,79.479491,Intel Core i3-6100,6,2,3.7,16,HDD,500,NVIDIA GTX 1050,2.0,True,2020,Linux Mint 22,x64,2026-06-01
PC-0029,Admin,Research Lab,11.150151,79.479,Intel Core i5-8500,8,6,3.0,8,SSD,128,NVIDIA GTX 1050,1.2,False,2018,Windows 11,x64,2026-06-01
PC-0030,Block A,CAD Lab,11.145177,79.473974,AMD Ryzen 3 3200G,3,4,3.6,4,HDD,500,NVIDIA GTX 1050,2.0,True,2018,Windows 11,x64,2026-06-01
PC-0031,Block B,Network Lab,11.14835,79.499617,Intel Core i5-8500,8,6,3.0,16,SSD,128,AMD Radeon Vega,2.0,True,2025,Ubuntu 24.04,x64,2026-06-01
PC-0032,Block A,Research Lab,11.137934,79.496691,AMD Ryzen 3 3200G,3,4,3.6,32,SSD,256,AMD Radeon Vega,None,False,2025,Windows 11,x64,2026-06-01
PC-0033,Block B,Network Lab,11.150625,79.495587,Intel Core i5-8500,8,6,3.0,32,SSD,128,AMD Radeon Vega,1.2,False,2024,Windows 11,x64,2026-06-01
PC-0034,Block C,Programming Lab,11.140007,79.473925,Intel Core i3-6100,6,2,3.7,8,SSD,512,NVIDIA GTX 1050,None,False,2019,Windows 10,x64,2026-06-01
PC-0035,Admin,CAD Lab,11.132257,79.496493,AMD Ryzen 3 3200G,3,4,3.6,16,SSD,512,Integrated,None,False,2025,Windows 10,x64,2026-06-01
PC-0036,Block A,Network Lab,11.139248,79.496969,AMD Ryzen 3 3200G,3,4,3.6,16,SSD,128,Integrated,None,False,2022,Windows 10,x64,2026-06-01
PC-0037,Block B,Research Lab,11.159215,79.492484,Intel Core i5-7400,7,4,3.0,8,HDD,500,Integrated,2.0,True,2019,Ubuntu 22.04,x64,2026-06-01
PC-0038,Block B,CAD Lab,11.154067,79.495922,Intel Core i3-6100,6,2,3.7,32,SSD,128,Integrated,1.2,False,2021,Ubuntu 22.04,x64,2026-06-01
PC-0039,Block B,Research Lab,11.135987,79.497554,Intel Core i3-6100,6,2,3.7,4,SSD,512,NVIDIA GTX 1050,1.2,False,2021,Windows 11,x64,2026-06-01
PC-0040,Block B,AI Lab,11.155931,79.499007,Intel Core i3-6100,6,2,3.7,16,SSD,128,NVIDIA GTX 1050,1.2,False,2022,Ubuntu 24.04,x64,2026-06-01
PC-0041,Admin,Language Lab,11.135357,79.498876,Intel Core i7-9700,9,8,3.0,4,SSD,256,NVIDIA GTX 1050,None,False,2017,Ubuntu 24.04,x64,2026-06-01
PC-0042,Block A,Language Lab,11.148186,79.485343,Intel Core i7-9700,9,8,3.0,32,SSD,256,NVIDIA GTX 1050,1.2,False,2020,Ubuntu 22.04,x64,2026-06-01
PC-0043,Block C,Programming Lab,11.150606,79.498208,AMD Ryzen 5 5600G,5,6,3.9,4,SSD,512,AMD Radeon Vega,2.0,True,2020,Linux Mint 22,x64,2026-06-01
PC-0044,Block C,CAD Lab,11.151593,79.47901,Intel Core i3-6100,6,2,3.7,16,SSD,256,NVIDIA GTX 1050,1.2,False,2023,Windows 10,x64,2026-06-01
PC-0045,Block C,CAD Lab,11.142613,79.498211,AMD Ryzen 5 5600G,5,6,3.9,16,SSD,256,AMD Radeon Vega,None,False,2019,Windows 11,x64,2026-06-01
PC-0046,Library,Language Lab,11.138607,79.482897,Intel Core i5-8500,8,6,3.0,16,SSD,512,AMD Radeon Vega,None,False,2022,Ubuntu 24.04,x64,2026-06-01
PC-0047,Block D,CAD Lab,11.149766,79.478514,Intel Core i7-9700,9,8,3.0,16,SSD,128,AMD Radeon Vega,1.2,False,2022,Windows 11,x64,2026-06-01
PC-0048,Block A,AI Lab,11.130733,79.477345,AMD Ryzen 5 5600G,5,6,3.9,8,SSD,256,NVIDIA GTX 1050,None,False,2018,Windows 11,x64,2026-06-01
PC-0049,Block D,CAD Lab,11.144831,79.47732,AMD Ryzen 5 5600G,5,6,3.9,32,SSD,128,AMD Radeon Vega,2.0,True,2017,Ubuntu 22.04,x64,2026-06-01
PC-0050,Block A,CAD Lab,11.131507,79.477476,Intel Core i5-7400,7,4,3.0,32,SSD,128,Integrated,2.0,True,2024,Ubuntu 22.04,x64,2026-06-01
PC-0051,Block B,CAD Lab,11.142802,79.497206,AMD Ryzen 5 5600G,5,6,3.9,16,SSD,256,NVIDIA GTX 1050,2.0,True,2019,Linux Mint 22,x64,2026-06-01
PC-0052,Admin,CAD Lab,11.152974,79.485639,Intel Core i7-9700,9,8,3.0,8,SSD,256,AMD Radeon Vega,2.0,True,2020,Ubuntu 24.04,x64,2026-06-01
PC-0053,Block C,CAD Lab,11.139591,79.486205,Intel Core i3-6100,6,2,3.7,8,SSD,256,Integrated,1.2,False,2019,Ubuntu 24.04,x64,2026-06-01
PC-0054,Block B,CAD Lab,11.142446,79.479926,AMD Ryzen 5 5600G,5,6,3.9,32,SSD,128,NVIDIA GTX 1050,None,False,2023,Windows 10,x64,2026-06-01
PC-0055,Block A,AI Lab,11.155702,79.492968,Intel Core i7-9700,9,8,3.0,16,SSD,512,NVIDIA GTX 1050,2.0,True,2024,Windows 10,x64,2026-06-01
PC-0056,Block A,Network Lab,11.153996,79.496934,Intel Core i5-8500,8,6,3.0,16,SSD,512,NVIDIA GTX 1050,2.0,True,2020,Linux Mint 22,x64,2026-06-01
PC-0057,Block C,CAD Lab,11.151725,79.495215,Intel Core i7-9700,9,8,3.0,16,HDD,500,Integrated,1.2,False,2025,Ubuntu 22.04,x64,2026-06-01
PC-0058,Block A,CAD Lab,11.134071,79.483851,AMD Ryzen 3 3200G,3,4,3.6,4,HDD,500,Integrated,2.0,True,2021,Ubuntu 22.04,x64,2026-06-01
PC-0059,Block D,Network Lab,11.138348,79.498536,Intel Core i5-7400,7,4,3.0,8,SSD,512,NVIDIA GTX 1050,1.2,False,2021,Ubuntu 22.04,x64,2026-06-01
PC-0060,Block A,CAD Lab,11.153437,79.489553,Intel Core i3-6100,6,2,3.7,8,HDD,500,Integrated,None,False,2020,Windows 10,x64,2026-06-01
PC-0061,Block B,Programming Lab,11.150084,79.486919,AMD Ryzen 3 3200G,3,4,3.6,8,SSD,128,Integrated,None,False,2024,Ubuntu 22.04,x64,2026-06-01
PC-0062,Admin,Network Lab,11.153334,79.474913,Intel Core i5-8500,8,6,3.0,16,SSD,128,NVIDIA GTX 1050,2.0,True,2018,Windows 10,x64,2026-06-01
PC-0063,Library,Programming Lab,11.13228,79.490718,Intel Core i5-8500,8,6,3.0,16,SSD,512,AMD Radeon Vega,2.0,True,2020,Windows 11,x64,2026-06-01
PC-0064,Block A,Research Lab,11.145982,79.489846,Intel Core i5-8500,8,6,3.0,16,HDD,500,Integrated,None,False,2025,Ubuntu 24.04,x64,2026-06-01
PC-0065,Admin,Network Lab,11.158824,79.489068,Intel Core i3-6100,6,2,3.7,16,SSD,512,NVIDIA GTX 1050,None,False,2019,Ubuntu 22.04,x64,2026-06-01
PC-0066,Block D,AI Lab,11.143946,79.494772,AMD Ryzen 5 5600G,5,6,3.9,16,SSD,256,AMD Radeon Vega,2.0,True,2021,Ubuntu 22.04,x64,2026-06-01
PC-0067,Block C,AI Lab,11.147095,79.490046,Intel Core i3-6100,6,2,3.7,16,SSD,256,NVIDIA GTX 1050,None,False,2017,Ubuntu 22.04,x64,2026-06-01
PC-0068,Block D,Network Lab,11.14021,79.49641,Intel Core i5-7400,7,4,3.0,8,SSD,512,AMD Radeon Vega,1.2,False,2021,Ubuntu 24.04,x64,2026-06-01
PC-0069,Library,Programming Lab,11.144657,79.492745,AMD Ryzen 3 3200G,3,4,3.6,4,SSD,128,AMD Radeon Vega,None,False,2024,Ubuntu 22.04,x64,2026-06-01
PC-0070,Admin,Research Lab,11.136648,79.490754,Intel Core i7-9700,9,8,3.0,4,SSD,512,NVIDIA GTX 1050,None,False,2022,Ubuntu 24.04,x64,2026-06-01
PC-0071,Block D,Language Lab,11.139924,79.491086,AMD Ryzen 3 3200G,3,4,3.6,16,SSD,256,NVIDIA GTX 1050,2.0,True,2021,Linux Mint 22,x64,2026-06-01
PC-0072,Block C,AI Lab,11.158526,79.490705,Intel Core i3-6100,6,2,3.7,8,SSD,128,Integrated,None,False,2020,Linux Mint 22,x64,2026-06-01
PC-0073,Admin,CAD Lab,11.136824,79.475383,Intel Core i5-8500,8,6,3.0,4,SSD,256,Integrated,None,False,2025,Ubuntu 24.04,x64,2026-06-01
PC-0074,Block B,Network Lab,11.149136,79.492584,Intel Core i3-6100,6,2,3.7,16,HDD,500,Integrated,1.2,False,2017,Windows 11,x64,2026-06-01
PC-0075,Library,Network Lab,11.158965,79.477574,Intel Core i7-9700,9,8,3.0,16,SSD,512,NVIDIA GTX 1050,1.2,False,2018,Windows 11,x64,2026-06-01
PC-0076,Block A,CAD Lab,11.134552,79.494334,Intel Core i7-9700,9,8,3.0,16,HDD,500,NVIDIA GTX 1050,2.0,True,2018,Windows 10,x64,2026-06-01
PC-0077,Block B,Programming Lab,11.136771,79.485677,AMD Ryzen 3 3200G,3,4,3.6,16,SSD,512,NVIDIA GTX 1050,2.0,True,2024,Linux Mint 22,x64,2026-06-01
PC-0078,Block C,Language Lab,11.148289,79.492203,Intel Core i7-9700,9,8,3.0,16,SSD,256,Integrated,2.0,True,2020,Windows 10,x64,2026-06-01
PC-0079,Block C,Research Lab,11.132252,79.47008,Intel Core i3-6100,6,2,3.7,8,SSD,128,NVIDIA GTX 1050,None,False,2024,Linux Mint 22,x64,2026-06-01
PC-0080,Block C,Programming Lab,11.132135,79.477003,Intel Core i5-7400,7,4,3.0,32,SSD,256,NVIDIA GTX 1050,1.2,False,2020,Ubuntu 22.04,x64,2026-06-01
PC-0081,Block D,Programming Lab,11.154799,79.472142,AMD Ryzen 3 3200G,3,4,3.6,32,SSD,128,Integrated,None,False,2021,Ubuntu 24.04,x64,2026-06-01
PC-0082,Library,Research Lab,11.15066,79.490992,AMD Ryzen 3 3200G,3,4,3.6,16,SSD,256,NVIDIA GTX 1050,None,False,2025,Ubuntu 22.04,x64,2026-06-01
PC-0083,Library,CAD Lab,11.152036,79.488111,Intel Core i7-9700,9,8,3.0,16,HDD,500,Integrated,None,False,2018,Ubuntu 22.04,x64,2026-06-01
PC-0084,Block B,Research Lab,11.131207,79.492688,AMD Ryzen 3 3200G,3,4,3.6,32,HDD,500,NVIDIA GTX 1050,1.2,False,2025,Linux Mint 22,x64,2026-06-01
PC-0085,Admin,CAD Lab,11.159072,79.4841,Intel Core i5-8500,8,6,3.0,16,SSD,128,NVIDIA GTX 1050,1.2,False,2022,Ubuntu 22.04,x64,2026-06-01
PC-0086,Block C,Research Lab,11.138647,79.498356,Intel Core i3-6100,6,2,3.7,8,SSD,128,AMD Radeon Vega,1.2,False,2017,Ubuntu 22.04,x64,2026-06-01
PC-0087,Block D,Programming Lab,11.155947,79.494748,Intel Core i5-8500,8,6,3.0,8,SSD,256,Integrated,None,False,2025,Ubuntu 22.04,x64,2026-06-01
PC-0088,Block D,CAD Lab,11.152693,79.488762,Intel Core i3-6100,6,2,3.7,16,SSD,128,Integrated,1.2,False,2020,Linux Mint 22,x64,2026-06-01
PC-0089,Block C,Language Lab,11.133643,79.499194,Intel Core i5-7400,7,4,3.0,16,SSD,256,AMD Radeon Vega,2.0,True,2020,Ubuntu 22.04,x64,2026-06-01
PC-0090,Admin,AI Lab,11.136741,79.495242,Intel Core i5-8500,8,6,3.0,16,HDD,500,Integrated,1.2,False,2024,Windows 10,x64,2026-06-01
PC-0091,Block A,Research Lab,11.151162,79.482465,Intel Core i5-7400,7,4,3.0,32,SSD,512,NVIDIA GTX 1050,1.2,False,2024,Linux Mint 22,x64,2026-06-01
PC-0092,Block B,CAD Lab,11.145247,79.49638,AMD Ryzen 3 3200G,3,4,3.6,16,SSD,128,Integrated,None,False,2021,Linux Mint 22,x64,2026-06-01
PC-0093,Block D,Network Lab,11.155124,79.487398,AMD Ryzen 3 3200G,3,4,3.6,4,SSD,256,AMD Radeon Vega,1.2,False,2024,Ubuntu 24.04,x64,2026-06-01
PC-0094,Block B,CAD Lab,11.152886,79.481316,AMD Ryzen 3 3200G,3,4,3.6,8,SSD,512,NVIDIA GTX 1050,1.2,False,2020,Linux Mint 22,x64,2026-06-01
PC-0095,Admin,AI Lab,11.139545,79.484189,AMD Ryzen 3 3200G,3,4,3.6,8,SSD,512,NVIDIA GTX 1050,1.2,False,2023,Windows 10,x64,2026-06-01
PC-0096,Admin,Research Lab,11.158961,79.47996,Intel Core i5-7400,7,4,3.0,4,SSD,512,Integrated,None,False,2024,Linux Mint 22,x64,2026-06-01
PC-0097,Block A,Language Lab,11.156128,79.499099,Intel Core i7-9700,9,8,3.0,32,HDD,500,Integrated,None,False,2024,Ubuntu 22.04,x64,2026-06-01
PC-0098,Block C,Network Lab,11.15557,79.49578,AMD Ryzen 3 3200G,3,4,3.6,32,SSD,512,NVIDIA GTX 1050,None,False,2022,Ubuntu 24.04,x64,2026-06-01
PC-0099,Admin,Research Lab,11.148935,79.497628,Intel Core i7-9700,9,8,3.0,16,HDD,500,Integrated,None,False,2018,Windows 11,x64,2026-06-01
PC-0100,Block D,Programming Lab,11.157103,79.47138,AMD Ryzen 5 5600G,5,6,3.9,16,HDD,500,Integrated,None,False,2021,Ubuntu 24.04,x64,2026-06-01
PC-0101,Block C,Network Lab,11.146978,79.493776,Intel Core i7-9700,9,8,3.0,8,SSD,128,Integrated,2.0,True,2019,Ubuntu 22.04,x64,2026-06-01
PC-0102,Block A,Language Lab,11.136966,79.489137,Intel Core i7-9700,9,8,3.0,16,SSD,128,NVIDIA GTX 1050,2.0,True,2021,Windows 11,x64,2026-06-01
PC-0103,Admin,Programming Lab,11.132216,79.498357,Intel Core i7-9700,9,8,3.0,32,SSD,256,AMD Radeon Vega,2.0,True,2021,Windows 11,x64,2026-06-01
PC-0104,Admin,CAD Lab,11.159981,79.4956,AMD Ryzen 5 5600G,5,6,3.9,16,SSD,256,Integrated,1.2,False,2020,Windows 11,x64,2026-06-01
PC-0105,Block D,Language Lab,11.159338,79.489747,Intel Core i5-8500,8,6,3.0,32,SSD,256,NVIDIA GTX 1050,1.2,False,2017,Windows 10,x64,2026-06-01
PC-0106,Library,Research Lab,11.154985,79.497088,AMD Ryzen 5 5600G,5,6,3.9,16,HDD,500,Integrated,2.0,True,2022,Ubuntu 22.04,x64,2026-06-01
PC-0107,Block B,Research Lab,11.148847,79.497102,Intel Core i5-7400,7,4,3.0,32,SSD,256,AMD Radeon Vega,2.0,True,2017,Windows 11,x64,2026-06-01
PC-0108,Block C,CAD Lab,11.157289,79.479802,Intel Core i3-6100,6,2,3.7,32,SSD,256,NVIDIA GTX 1050,None,False,2019,Windows 10,x64,2026-06-01
PC-0109,Block B,AI Lab,11.154914,79.477709,AMD Ryzen 3 3200G,3,4,3.6,16,SSD,256,NVIDIA GTX 1050,2.0,True,2021,Ubuntu 24.04,x64,2026-06-01
PC-0110,Admin,Network Lab,11.155804,79.491727,Intel Core i3-6100,6,2,3.7,4,SSD,512,NVIDIA GTX 1050,None,False,2025,Windows 11,x64,2026-06-01
PC-0111,Block C,Programming Lab,11.143644,79.490185,Intel Core i7-9700,9,8,3.0,8,HDD,500,AMD Radeon Vega,2.0,True,2021,Windows 10,x64,2026-06-01
PC-0112,Library,CAD Lab,11.144144,79.488586,AMD Ryzen 5 5600G,5,6,3.9,4,SSD,256,AMD Radeon Vega,2.0,True,2022,Windows 11,x64,2026-06-01
PC-0113,Library,AI Lab,11.149477,79.4735,AMD Ryzen 5 5600G,5,6,3.9,32,HDD,500,Integrated,1.2,False,2017,Ubuntu 24.04,x64,2026-06-01
PC-0114,Block C,CAD Lab,11.141659,79.48113,Intel Core i3-6100,6,2,3.7,8,HDD,500,AMD Radeon Vega,2.0,True,2025,Windows 11,x64,2026-06-01
PC-0115,Block D,Language Lab,11.155011,79.48847,AMD Ryzen 5 5600G,5,6,3.9,16,SSD,128,NVIDIA GTX 1050,2.0,True,2017,Windows 10,x64,2026-06-01
PC-0116,Admin,Network Lab,11.132981,79.49057,Intel Core i5-7400,7,4,3.0,16,SSD,512,AMD Radeon Vega,None,False,2022,Ubuntu 24.04,x64,2026-06-01
PC-0117,Block A,CAD Lab,11.149883,79.489251,Intel Core i5-8500,8,6,3.0,4,SSD,128,AMD Radeon Vega,1.2,False,2017,Windows 10,x64,2026-06-01
PC-0118,Block A,Network Lab,11.154895,79.486626,Intel Core i5-7400,7,4,3.0,16,SSD,128,AMD Radeon Vega,None,False,2020,Windows 10,x64,2026-06-01
PC-0119,Block B,Network Lab,11.146206,79.493955,Intel Core i5-7400,7,4,3.0,8,HDD,500,Integrated,None,False,2017,Windows 11,x64,2026-06-01
PC-0120,Block B,Programming Lab,11.135227,79.471572,Intel Core i5-8500,8,6,3.0,16,SSD,128,AMD Radeon Vega,1.2,False,2023,Windows 10,x64,2026-06-01
PC-0121,Library,Programming Lab,11.145397,79.473272,AMD Ryzen 5 5600G,5,6,3.9,16,HDD,500,AMD Radeon Vega,1.2,False,2020,Ubuntu 24.04,x64,2026-06-01
PC-0122,Library,Programming Lab,11.131825,79.484369,AMD Ryzen 5 5600G,5,6,3.9,16,SSD,256,NVIDIA GTX 1050,2.0,True,2023,Windows 10,x64,2026-06-01
PC-0123,Admin,Programming Lab,11.148249,79.47197,Intel Core i7-9700,9,8,3.0,4,SSD,512,NVIDIA GTX 1050,None,False,2025,Ubuntu 24.04,x64,2026-06-01
PC-0124,Admin,Network Lab,11.142906,79.493793,Intel Core i7-9700,9,8,3.0,16,SSD,256,Integrated,2.0,True,2025,Linux Mint 22,x64,2026-06-01
PC-0125,Admin,AI Lab,11.154823,79.481962,Intel Core i7-9700,9,8,3.0,8,SSD,512,AMD Radeon Vega,1.2,False,2018,Ubuntu 24.04,x64,2026-06-01
PC-0126,Block C,CAD Lab,11.132014,79.494953,Intel Core i5-8500,8,6,3.0,8,SSD,256,Integrated,None,False,2023,Ubuntu 22.04,x64,2026-06-01
PC-0127,Block A,Research Lab,11.147594,79.486848,AMD Ryzen 5 5600G,5,6,3.9,8,SSD,256,NVIDIA GTX 1050,2.0,True,2018,Windows 10,x64,2026-06-01
PC-0128,Block D,Network Lab,11.148012,79.480549,AMD Ryzen 5 5600G,5,6,3.9,32,SSD,512,AMD Radeon Vega,None,False,2025,Ubuntu 24.04,x64,2026-06-01
PC-0129,Block B,AI Lab,11.155361,79.481027,AMD Ryzen 5 5600G,5,6,3.9,8,SSD,512,NVIDIA GTX 1050,None,False,2020,Ubuntu 24.04,x64,2026-06-01
PC-0130,Block D,Language Lab,11.130869,79.478198,AMD Ryzen 3 3200G,3,4,3.6,16,HDD,500,NVIDIA GTX 1050,2.0,True,2022,Ubuntu 24.04,x64,2026-06-01
PC-0131,Block C,Programming Lab,11.132088,79.492229,Intel Core i5-7400,7,4,3.0,16,SSD,128,Integrated,2.0,True,2018,Ubuntu 22.04,x64,2026-06-01
PC-0132,Admin,Language Lab,11.134722,79.479349,Intel Core i5-7400,7,4,3.0,16,SSD,512,NVIDIA GTX 1050,1.2,False,2018,Ubuntu 24.04,x64,2026-06-01
PC-0133,Block A,AI Lab,11.143293,79.48272,Intel Core i5-7400,7,4,3.0,32,HDD,500,AMD Radeon Vega,None,False,2024,Ubuntu 24.04,x64,2026-06-01
PC-0134,Block D,Network Lab,11.138497,79.490355,Intel Core i5-7400,7,4,3.0,8,HDD,500,NVIDIA GTX 1050,1.2,False,2025,Windows 10,x64,2026-06-01
PC-0135,Admin,Network Lab,11.130231,79.479043,Intel Core i3-6100,6,2,3.7,16,SSD,128,Integrated,2.0,True,2019,Windows 10,x64,2026-06-01
PC-0136,Block C,Network Lab,11.135271,79.481406,Intel Core i5-8500,8,6,3.0,4,HDD,500,AMD Radeon Vega,1.2,False,2020,Ubuntu 22.04,x64,2026-06-01
PC-0137,Library,Language Lab,11.143087,79.483793,AMD Ryzen 5 5600G,5,6,3.9,4,SSD,256,Integrated,1.2,False,2022,Windows 10,x64,2026-06-01
PC-0138,Library,CAD Lab,11.138685,79.482151,AMD Ryzen 3 3200G,3,4,3.6,32,SSD,512,NVIDIA GTX 1050,2.0,True,2019,Ubuntu 22.04,x64,2026-06-01
PC-0139,Library,CAD Lab,11.137299,79.487666,AMD Ryzen 5 5600G,5,6,3.9,4,SSD,256,AMD Radeon Vega,1.2,False,2018,Windows 10,x64,2026-06-01
PC-0140,Block D,Network Lab,11.132291,79.488997,AMD Ryzen 5 5600G,5,6,3.9,8,SSD,256,AMD Radeon Vega,1.2,False,2025,Windows 11,x64,2026-06-01
PC-0141,Block B,Network Lab,11.137679,79.475205,Intel Core i5-8500,8,6,3.0,8,SSD,128,Integrated,None,False,2018,Windows 11,x64,2026-06-01
PC-0142,Block B,Research Lab,11.150434,79.496461,Intel Core i7-9700,9,8,3.0,16,SSD,512,AMD Radeon Vega,2.0,True,2022,Ubuntu 22.04,x64,2026-06-01
PC-0143,Admin,Network Lab,11.148942,79.49389,Intel Core i5-7400,7,4,3.0,4,SSD,512,AMD Radeon Vega,1.2,False,2017,Ubuntu 22.04,x64,2026-06-01
PC-0144,Block C,Language Lab,11.131707,79.494951,Intel Core i3-6100,6,2,3.7,16,SSD,256,Integrated,1.2,False,2018,Windows 10,x64,2026-06-01
PC-0145,Library,Language Lab,11.158627,79.492168,AMD Ryzen 3 3200G,3,4,3.6,16,SSD,512,Integrated,2.0,True,2024,Linux Mint 22,x64,2026-06-01
PC-0146,Library,Research Lab,11.134526,79.471856,Intel Core i5-7400,7,4,3.0,16,SSD,256,Integrated,1.2,False,2022,Linux Mint 22,x64,2026-06-01
PC-0147,Admin,Programming Lab,11.15973,79.485722,AMD Ryzen 3 3200G,3,4,3.6,4,SSD,128,AMD Radeon Vega,None,False,2019,Ubuntu 22.04,x64,2026-06-01
PC-0148,Block C,Network Lab,11.131571,79.488927,Intel Core i5-8500,8,6,3.0,16,SSD,512,NVIDIA GTX 1050,1.2,False,2018,Linux Mint 22,x64,2026-06-01
PC-0149,Block C,Programming Lab,11.156198,79.480001,AMD Ryzen 3 3200G,3,4,3.6,8,SSD,512,AMD Radeon Vega,1.2,False,2019,Linux Mint 22,x64,2026-06-01
PC-0150,Block C,Network Lab,11.139287,79.4813,AMD Ryzen 5 5600G,5,6,3.9,8,SSD,512,NVIDIA GTX 1050,2.0,True,2019,Windows 10,x64,2026-06-01
PC-0151,Admin,Research Lab,11.145255,79.470547,AMD Ryzen 5 5600G,5,6,3.9,32,HDD,500,NVIDIA GTX 1050,2.0,True,2019,Ubuntu 22.04,x64,2026-06-01
PC-0152,Block B,Network Lab,11.132315,79.495333,Intel Core i7-9700,9,8,3.0,8,SSD,128,Integrated,None,False,2025,Windows 11,x64,2026-06-01
PC-0153,Library,Research Lab,11.133931,79.481302,AMD Ryzen 3 3200G,3,4,3.6,32,HDD,500,Integrated,1.2,False,2019,Linux Mint 22,x64,2026-06-01
PC-0154,Admin,Language Lab,11.150291,79.477126,Intel Core i5-7400,7,4,3.0,4,SSD,512,NVIDIA GTX 1050,1.2,False,2021,Ubuntu 24.04,x64,2026-06-01
PC-0155,Admin,CAD Lab,11.141035,79.498414,Intel Core i5-7400,7,4,3.0,8,SSD,128,NVIDIA GTX 1050,1.2,False,2024,Windows 11,x64,2026-06-01
PC-0156,Block C,CAD Lab,11.134152,79.4775,AMD Ryzen 3 3200G,3,4,3.6,8,SSD,512,AMD Radeon Vega,None,False,2024,Linux Mint 22,x64,2026-06-01
PC-0157,Block C,Language Lab,11.138184,79.497159,Intel Core i3-6100,6,2,3.7,8,HDD,500,Integrated,None,False,2023,Windows 11,x64,2026-06-01
PC-0158,Block A,AI Lab,11.141894,79.481219,Intel Core i7-9700,9,8,3.0,4,SSD,256,NVIDIA GTX 1050,1.2,False,2018,Windows 10,x64,2026-06-01
PC-0159,Block C,AI Lab,11.153741,79.474128,Intel Core i3-6100,6,2,3.7,4,SSD,256,NVIDIA GTX 1050,2.0,True,2024,Ubuntu 24.04,x64,2026-06-01
PC-0160,Admin,AI Lab,11.157176,79.47057,AMD Ryzen 5 5600G,5,6,3.9,16,SSD,512,Integrated,2.0,True,2019,Windows 10,x64,2026-06-01
PC-0161,Library,Research Lab,11.139035,79.471432,AMD Ryzen 3 3200G,3,4,3.6,4,SSD,512,NVIDIA GTX 1050,1.2,False,2024,Windows 11,x64,2026-06-01
PC-0162,Block A,Programming Lab,11.137258,79.474307,Intel Core i7-9700,9,8,3.0,32,HDD,500,NVIDIA GTX 1050,2.0,True,2017,Linux Mint 22,x64,2026-06-01
PC-0163,Library,Network Lab,11.145705,79.480818,Intel Core i5-7400,7,4,3.0,8,SSD,512,AMD Radeon Vega,2.0,True,2025,Windows 10,x64,2026-06-01
PC-0164,Library,Language Lab,11.14907,79.499431,AMD Ryzen 3 3200G,3,4,3.6,16,HDD,500,NVIDIA GTX 1050,1.2,False,2017,Windows 10,x64,2026-06-01
PC-0165,Block C,Programming Lab,11.153145,79.492056,Intel Core i5-8500,8,6,3.0,32,SSD,128,NVIDIA GTX 1050,2.0,True,2019,Windows 10,x64,2026-06-01
PC-0166,Block A,Network Lab,11.159425,79.484356,AMD Ryzen 3 3200G,3,4,3.6,32,SSD,256,Integrated,None,False,2019,Ubuntu 22.04,x64,2026-06-01
PC-0167,Block A,Research Lab,11.153733,79.496574,Intel Core i7-9700,9,8,3.0,8,HDD,500,NVIDIA GTX 1050,None,False,2021,Windows 10,x64,2026-06-01
PC-0168,Library,CAD Lab,11.138583,79.495864,AMD Ryzen 3 3200G,3,4,3.6,8,SSD,512,Integrated,None,False,2022,Windows 11,x64,2026-06-01
PC-0169,Block C,Programming Lab,11.156839,79.481599,Intel Core i5-8500,8,6,3.0,16,SSD,512,Integrated,2.0,True,2024,Ubuntu 22.04,x64,2026-06-01
PC-0170,Admin,CAD Lab,11.132368,79.488074,Intel Core i5-8500,8,6,3.0,4,SSD,256,Integrated,2.0,True,2025,Ubuntu 22.04,x64,2026-06-01
PC-0171,Block C,Network Lab,11.139195,79.488079,Intel Core i3-6100,6,2,3.7,8,HDD,500,NVIDIA GTX 1050,2.0,True,2019,Ubuntu 24.04,x64,2026-06-01
PC-0172,Admin,CAD Lab,11.148446,79.483048,Intel Core i5-8500,8,6,3.0,4,SSD,512,AMD Radeon Vega,2.0,True,2017,Ubuntu 24.04,x64,2026-06-01
PC-0173,Block A,Research Lab,11.158584,79.474283,AMD Ryzen 5 5600G,5,6,3.9,8,SSD,512,AMD Radeon Vega,2.0,True,2024,Windows 11,x64,2026-06-01
PC-0174,Block A,AI Lab,11.141486,79.487017,Intel Core i3-6100,6,2,3.7,32,SSD,128,AMD Radeon Vega,1.2,False,2019,Ubuntu 24.04,x64,2026-06-01
PC-0175,Admin,CAD Lab,11.134131,79.481008,Intel Core i5-8500,8,6,3.0,16,SSD,256,NVIDIA GTX 1050,None,False,2021,Linux Mint 22,x64,2026-06-01
PC-0176,Block B,Programming Lab,11.157406,79.473533,Intel Core i3-6100,6,2,3.7,16,SSD,128,NVIDIA GTX 1050,2.0,True,2024,Ubuntu 22.04,x64,2026-06-01
PC-0177,Block B,Language Lab,11.155585,79.483561,Intel Core i5-8500,8,6,3.0,8,SSD,512,AMD Radeon Vega,None,False,2024,Windows 11,x64,2026-06-01
PC-0178,Block A,Research Lab,11.146265,79.49674,Intel Core i5-8500,8,6,3.0,32,SSD,256,Integrated,None,False,2019,Linux Mint 22,x64,2026-06-01
PC-0179,Block C,Language Lab,11.153711,79.470789,Intel Core i5-7400,7,4,3.0,8,HDD,500,AMD Radeon Vega,None,False,2022,Windows 11,x64,2026-06-01
PC-0180,Block D,Language Lab,11.159988,79.491566,Intel Core i5-7400,7,4,3.0,4,HDD,500,AMD Radeon Vega,1.2,False,2023,Ubuntu 22.04,x64,2026-06-01
PC-0181,Block D,Language Lab,11.143499,79.490403,Intel Core i3-6100,6,2,3.7,8,SSD,128,NVIDIA GTX 1050,2.0,True,2019,Windows 10,x64,2026-06-01
PC-0182,Library,Research Lab,11.157321,79.471662,AMD Ryzen 3 3200G,3,4,3.6,8,SSD,128,Integrated,1.2,False,2025,Linux Mint 22,x64,2026-06-01
PC-0183,Block B,Network Lab,11.140381,79.498227,Intel Core i5-7400,7,4,3.0,8,SSD,128,NVIDIA GTX 1050,2.0,True,2018,Windows 11,x64,2026-06-01
PC-0184,Block C,AI Lab,11.148433,79.472803,AMD Ryzen 5 5600G,5,6,3.9,8,SSD,256,AMD Radeon Vega,2.0,True,2019,Ubuntu 24.04,x64,2026-06-01
PC-0185,Library,Language Lab,11.140129,79.497718,Intel Core i5-7400,7,4,3.0,32,SSD,128,Integrated,2.0,True,2017,Linux Mint 22,x64,2026-06-01
PC-0186,Block A,Programming Lab,11.142498,79.48917,AMD Ryzen 5 5600G,5,6,3.9,32,SSD,256,NVIDIA GTX 1050,None,False,2025,Linux Mint 22,x64,2026-06-01
PC-0187,Block C,Research Lab,11.138923,79.472189,Intel Core i5-8500,8,6,3.0,8,SSD,512,Integrated,2.0,True,2019,Ubuntu 22.04,x64,2026-06-01
PC-0188,Block D,CAD Lab,11.13431,79.495845,Intel Core i7-9700,9,8,3.0,8,SSD,512,NVIDIA GTX 1050,1.2,False,2022,Linux Mint 22,x64,2026-06-01
PC-0189,Block D,AI Lab,11.133676,79.483488,Intel Core i5-8500,8,6,3.0,8,HDD,500,Integrated,None,False,2018,Ubuntu 22.04,x64,2026-06-01
PC-0190,Block A,Network Lab,11.158013,79.491634,Intel Core i7-9700,9,8,3.0,8,SSD,512,Integrated,None,False,2019,Ubuntu 24.04,x64,2026-06-01
PC-0191,Block D,Language Lab,11.132701,79.481797,Intel Core i7-9700,9,8,3.0,8,SSD,512,NVIDIA GTX 1050,1.2,False,2020,Windows 10,x64,2026-06-01
PC-0192,Block B,Language Lab,11.147926,79.495285,Intel Core i5-8500,8,6,3.0,4,HDD,500,AMD Radeon Vega,1.2,False,2024,Ubuntu 22.04,x64,2026-06-01
PC-0193,Block C,Language Lab,11.151825,79.492916,Intel Core i3-6100,6,2,3.7,16,HDD,500,NVIDIA GTX 1050,None,False,2017,Ubuntu 24.04,x64,2026-06-01
PC-0194,Block D,Programming Lab,11.132206,79.485128,AMD Ryzen 3 3200G,3,4,3.6,8,SSD,128,AMD Radeon Vega,2.0,True,2021,Ubuntu 24.04,x64,2026-06-01
PC-0195,Library,Research Lab,11.141196,79.499604,AMD Ryzen 3 3200G,3,4,3.6,8,HDD,500,AMD Radeon Vega,None,False,2022,Ubuntu 22.04,x64,2026-06-01
PC-0196,Block B,AI Lab,11.131167,79.491408,AMD Ryzen 3 3200G,3,4,3.6,16,SSD,512,NVIDIA GTX 1050,None,False,2025,Windows 10,x64,2026-06-01
PC-0197,Block D,AI Lab,11.134875,79.499718,AMD Ryzen 3 3200G,3,4,3.6,8,SSD,128,AMD Radeon Vega,2.0,True,2021,Ubuntu 24.04,x64,2026-06-01
PC-0198,Library,Network Lab,11.144247,79.470499,AMD Ryzen 3 3200G,3,4,3.6,32,SSD,512,NVIDIA GTX 1050,2.0,True,2018,Ubuntu 24.04,x64,2026-06-01
PC-0199,Block D,Language Lab,11.159012,79.493487,Intel Core i5-8500,8,6,3.0,16,HDD,500,AMD Radeon Vega,1.2,False,2020,Ubuntu 24.04,x64,2026-06-01
PC-0200,Admin,Programming Lab,11.153238,79.481406,AMD Ryzen 3 3200G,3,4,3.6,8,SSD,512,AMD Radeon Vega,2.0,True,2020,Linux Mint 22,x64,2026-06-01
PC-0201,Block A,Language Lab,11.139411,79.474543,AMD Ryzen 5 5600G,5,6,3.9,8,HDD,500,AMD Radeon Vega,None,False,2020,Ubuntu 22.04,x64,2026-06-01
PC-0202,Block D,Language Lab,11.151173,79.48556,AMD Ryzen 3 3200G,3,4,3.6,32,SSD,512,AMD Radeon Vega,2.0,True,2022,Windows 10,x64,2026-06-01
PC-0203,Admin,CAD Lab,11.157364,79.48027,AMD Ryzen 3 3200G,3,4,3.6,8,SSD,512,NVIDIA GTX 1050,None,False,2021,Ubuntu 22.04,x64,2026-06-01
PC-0204,Library,CAD Lab,11.136746,79.499187,Intel Core i5-7400,7,4,3.0,8,SSD,128,NVIDIA GTX 1050,2.0,True,2021,Ubuntu 24.04,x64,2026-06-01
PC-0205,Admin,AI Lab,11.146815,79.498035,AMD Ryzen 5 5600G,5,6,3.9,8,SSD,512,AMD Radeon Vega,1.2,False,2021,Ubuntu 24.04,x64,2026-06-01
PC-0206,Block C,Programming Lab,11.138714,79.478629,AMD Ryzen 3 3200G,3,4,3.6,16,SSD,512,AMD Radeon Vega,1.2,False,2018,Windows 11,x64,2026-06-01
PC-0207,Block C,CAD Lab,11.136062,79.486157,AMD Ryzen 5 5600G,5,6,3.9,32,SSD,256,AMD Radeon Vega,1.2,False,2021,Windows 11,x64,2026-06-01
PC-0208,Block B,Programming Lab,11.13677,79.476985,AMD Ryzen 3 3200G,3,4,3.6,8,SSD,128,Integrated,None,False,2023,Linux Mint 22,x64,2026-06-01
PC-0209,Block C,Research Lab,11.158936,79.499337,Intel Core i7-9700,9,8,3.0,32,HDD,500,Integrated,None,False,2023,Windows 10,x64,2026-06-01
PC-0210,Admin,CAD Lab,11.149377,79.497238,Intel Core i7-9700,9,8,3.0,8,SSD,128,Integrated,1.2,False,2020,Ubuntu 24.04,x64,2026-06-01
PC-0211,Library,Research Lab,11.158018,79.47109,AMD Ryzen 5 5600G,5,6,3.9,8,HDD,500,NVIDIA GTX 1050,1.2,False,2024,Windows 11,x64,2026-06-01
PC-0212,Block B,Research Lab,11.148083,79.497854,Intel Core i5-8500,8,6,3.0,4,HDD,500,NVIDIA GTX 1050,1.2,False,2021,Linux Mint 22,x64,2026-06-01
PC-0213,Block D,Research Lab,11.138185,79.494264,AMD Ryzen 3 3200G,3,4,3.6,8,SSD,512,NVIDIA GTX 1050,2.0,True,2019,Ubuntu 22.04,x64,2026-06-01
PC-0214,Admin,CAD Lab,11.152099,79.493723,AMD Ryzen 5 5600G,5,6,3.9,32,SSD,256,AMD Radeon Vega,None,False,2020,Windows 10,x64,2026-06-01
PC-0215,Block B,Language Lab,11.132602,79.490078,AMD Ryzen 5 5600G,5,6,3.9,16,SSD,512,Integrated,2.0,True,2019,Ubuntu 24.04,x64,2026-06-01
PC-0216,Block D,Network Lab,11.143402,79.47801,Intel Core i5-7400,7,4,3.0,8,HDD,500,NVIDIA GTX 1050,1.2,False,2021,Windows 11,x64,2026-06-01
PC-0217,Library,Research Lab,11.150783,79.471864,AMD Ryzen 3 3200G,3,4,3.6,8,HDD,500,Integrated,2.0,True,2024,Ubuntu 24.04,x64,2026-06-01
PC-0218,Block C,AI Lab,11.141026,79.476625,Intel Core i7-9700,9,8,3.0,32,SSD,256,Integrated,None,False,2024,Ubuntu 24.04,x64,2026-06-01
PC-0219,Block B,CAD Lab,11.157384,79.492721,AMD Ryzen 5 5600G,5,6,3.9,16,SSD,256,AMD Radeon Vega,2.0,True,2020,Linux Mint 22,x64,2026-06-01
PC-0220,Block B,Research Lab,11.151113,79.472343,AMD Ryzen 3 3200G,3,4,3.6,16,HDD,500,AMD Radeon Vega,1.2,False,2018,Linux Mint 22,x64,2026-06-01
PC-0221,Block A,Language Lab,11.134936,79.495635,AMD Ryzen 3 3200G,3,4,3.6,16,SSD,128,NVIDIA GTX 1050,2.0,True,2018,Windows 11,x64,2026-06-01
PC-0222,Admin,AI Lab,11.154261,79.483603,AMD Ryzen 5 5600G,5,6,3.9,4,SSD,512,AMD Radeon Vega,2.0,True,2023,Ubuntu 22.04,x64,2026-06-01
PC-0223,Block D,Language Lab,11.141878,79.494494,Intel Core i3-6100,6,2,3.7,32,SSD,512,AMD Radeon Vega,1.2,False,2020,Windows 10,x64,2026-06-01
PC-0224,Library,Programming Lab,11.146235,79.471808,Intel Core i3-6100,6,2,3.7,8,SSD,512,Integrated,2.0,True,2024,Windows 10,x64,2026-06-01
PC-0225,Block A,Network Lab,11.141234,79.49674,Intel Core i7-9700,9,8,3.0,8,SSD,128,NVIDIA GTX 1050,2.0,True,2023,Ubuntu 22.04,x64,2026-06-01
PC-0226,Block D,Programming Lab,11.135354,79.486118,AMD Ryzen 5 5600G,5,6,3.9,32,SSD,128,AMD Radeon Vega,1.2,False,2019,Windows 10,x64,2026-06-01
PC-0227,Admin,AI Lab,11.142724,79.481378,Intel Core i3-6100,6,2,3.7,8,HDD,500,Integrated,1.2,False,2020,Linux Mint 22,x64,2026-06-01
PC-0228,Block D,Network Lab,11.130967,79.489806,Intel Core i5-7400,7,4,3.0,8,SSD,256,AMD Radeon Vega,2.0,True,2017,Windows 10,x64,2026-06-01
PC-0229,Block B,AI Lab,11.147934,79.491099,Intel Core i3-6100,6,2,3.7,16,HDD,500,Integrated,None,False,2020,Ubuntu 22.04,x64,2026-06-01
PC-0230,Admin,Programming Lab,11.152632,79.493282,Intel Core i7-9700,9,8,3.0,8,SSD,512,Integrated,2.0,True,2025,Windows 11,x64,2026-06-01
PC-0231,Block C,AI Lab,11.137107,79.496288,AMD Ryzen 5 5600G,5,6,3.9,16,SSD,256,AMD Radeon Vega,2.0,True,2025,Ubuntu 24.04,x64,2026-06-01
PC-0232,Block B,CAD Lab,11.156391,79.497347,Intel Core i5-8500,8,6,3.0,4,SSD,256,AMD Radeon Vega,2.0,True,2023,Linux Mint 22,x64,2026-06-01
PC-0233,Library,CAD Lab,11.153574,79.479562,Intel Core i3-6100,6,2,3.7,32,SSD,256,NVIDIA GTX 1050,2.0,True,2023,Ubuntu 22.04,x64,2026-06-01
PC-0234,Block B,Network Lab,11.15548,79.479022,Intel Core i7-9700,9,8,3.0,16,SSD,128,AMD Radeon Vega,1.2,False,2019,Windows 11,x64,2026-06-01
PC-0235,Block D,Programming Lab,11.134023,79.477286,AMD Ryzen 3 3200G,3,4,3.6,16,SSD,512,Integrated,2.0,True,2022,Linux Mint 22,x64,2026-06-01
PC-0236,Admin,Programming Lab,11.131546,79.481315,Intel Core i7-9700,9,8,3.0,4,SSD,256,AMD Radeon Vega,2.0,True,2017,Windows 11,x64,2026-06-01
PC-0237,Block A,AI Lab,11.139096,79.49727,AMD Ryzen 3 3200G,3,4,3.6,16,SSD,128,Integrated,None,False,2020,Ubuntu 24.04,x64,2026-06-01
PC-0238,Admin,Programming Lab,11.151113,79.481899,AMD Ryzen 5 5600G,5,6,3.9,8,SSD,512,Integrated,2.0,True,2025,Linux Mint 22,x64,2026-06-01
PC-0239,Block C,Network Lab,11.139253,79.480789,Intel Core i7-9700,9,8,3.0,16,SSD,512,NVIDIA GTX 1050,2.0,True,2024,Ubuntu 24.04,x64,2026-06-01
PC-0240,Block A,Research Lab,11.142418,79.486876,Intel Core i7-9700,9,8,3.0,8,SSD,256,Integrated,1.2,False,2019,Ubuntu 24.04,x64,2026-06-01
PC-0241,Block A,Network Lab,11.139896,79.481395,AMD Ryzen 3 3200G,3,4,3.6,8,SSD,512,Integrated,None,False,2024,Windows 11,x64,2026-06-01
PC-0242,Library,Research Lab,11.143825,79.491983,AMD Ryzen 5 5600G,5,6,3.9,8,SSD,256,NVIDIA GTX 1050,1.2,False,2019,Ubuntu 22.04,x64,2026-06-01
PC-0243,Block B,Research Lab,11.145718,79.495172,AMD Ryzen 3 3200G,3,4,3.6,8,SSD,512,Integrated,2.0,True,2017,Windows 10,x64,2026-06-01
PC-0244,Block A,CAD Lab,11.130274,79.485172,Intel Core i5-7400,7,4,3.0,4,SSD,128,NVIDIA GTX 1050,2.0,True,2017,Windows 11,x64,2026-06-01
PC-0245,Library,Research Lab,11.130198,79.486549,AMD Ryzen 5 5600G,5,6,3.9,32,SSD,512,Integrated,1.2,False,2017,Windows 10,x64,2026-06-01
PC-0246,Library,Research Lab,11.154185,79.497293,Intel Core i5-8500,8,6,3.0,4,SSD,256,Integrated,2.0,True,2018,Ubuntu 22.04,x64,2026-06-01
PC-0247,Library,AI Lab,11.154456,79.47802,Intel Core i5-7400,7,4,3.0,16,SSD,128,NVIDIA GTX 1050,2.0,True,2018,Ubuntu 24.04,x64,2026-06-01
PC-0248,Block C,CAD Lab,11.150521,79.495436,Intel Core i7-9700,9,8,3.0,32,SSD,128,AMD Radeon Vega,None,False,2017,Ubuntu 24.04,x64,2026-06-01
PC-0249,Block A,CAD Lab,11.149102,79.491085,Intel Core i7-9700,9,8,3.0,16,SSD,512,Integrated,1.2,False,2024,Windows 10,x64,2026-06-01
PC-0250,Block D,Research Lab,11.136343,79.496044,Intel Core i5-8500,8,6,3.0,16,HDD,500,AMD Radeon Vega,None,False,2024,Windows 11,x64,2026-06-01
PC-0251,Block C,Programming Lab,11.135381,79.495513,Intel Core i3-6100,6,2,3.7,16,SSD,256,Integrated,2.0,True,2020,Windows 10,x64,2026-06-01
PC-0252,Library,AI Lab,11.146919,79.487001,AMD Ryzen 5 5600G,5,6,3.9,4,SSD,512,NVIDIA GTX 1050,1.2,False,2025,Windows 11,x64,2026-06-01
PC-0253,Block C,CAD Lab,11.145024,79.49923,AMD Ryzen 5 5600G,5,6,3.9,32,SSD,128,Integrated,2.0,True,2018,Windows 10,x64,2026-06-01
PC-0254,Block D,AI Lab,11.141901,79.493207,Intel Core i3-6100,6,2,3.7,16,SSD,256,Integrated,2.0,True,2021,Linux Mint 22,x64,2026-06-01
PC-0255,Block D,CAD Lab,11.135572,79.487576,Intel Core i5-7400,7,4,3.0,16,SSD,256,NVIDIA GTX 1050,1.2,False,2018,Ubuntu 22.04,x64,2026-06-01
PC-0256,Library,Network Lab,11.1414,79.493517,Intel Core i5-7400,7,4,3.0,4,HDD,500,Integrated,1.2,False,2023,Windows 11,x64,2026-06-01
PC-0257,Block C,Network Lab,11.140798,79.478093,Intel Core i3-6100,6,2,3.7,4,HDD,500,Integrated,1.2,False,2018,Ubuntu 22.04,x64,2026-06-01
PC-0258,Block B,CAD Lab,11.140617,79.472792,Intel Core i7-9700,9,8,3.0,4,SSD,512,AMD Radeon Vega,None,False,2022,Windows 10,x64,2026-06-01
PC-0259,Block D,Programming Lab,11.157156,79.499345,Intel Core i5-8500,8,6,3.0,16,SSD,512,AMD Radeon Vega,None,False,2025,Linux Mint 22,x64,2026-06-01
PC-0260,Block B,Research Lab,11.138052,79.474378,Intel Core i7-9700,9,8,3.0,8,SSD,128,Integrated,1.2,False,2023,Ubuntu 24.04,x64,2026-06-01
PC-0261,Block C,CAD Lab,11.158327,79.491627,Intel Core i5-8500,8,6,3.0,4,SSD,512,NVIDIA GTX 1050,1.2,False,2020,Ubuntu 24.04,x64,2026-06-01
PC-0262,Block D,Programming Lab,11.155248,79.481397,Intel Core i5-7400,7,4,3.0,4,SSD,256,NVIDIA GTX 1050,1.2,False,2024,Ubuntu 24.04,x64,2026-06-01
PC-0263,Block C,CAD Lab,11.158418,79.476026,AMD Ryzen 5 5600G,5,6,3.9,8,SSD,128,NVIDIA GTX 1050,1.2,False,2019,Linux Mint 22,x64,2026-06-01
PC-0264,Block D,Network Lab,11.141282,79.494495,Intel Core i5-8500,8,6,3.0,16,SSD,512,NVIDIA GTX 1050,None,False,2022,Ubuntu 24.04,x64,2026-06-01
PC-0265,Block A,Language Lab,11.15859,79.483849,Intel Core i5-7400,7,4,3.0,32,SSD,128,AMD Radeon Vega,2.0,True,2020,Windows 10,x64,2026-06-01
PC-0266,Block D,Network Lab,11.134175,79.479085,AMD Ryzen 5 5600G,5,6,3.9,16,HDD,500,NVIDIA GTX 1050,2.0,True,2019,Ubuntu 22.04,x64,2026-06-01
PC-0267,Admin,CAD Lab,11.147467,79.486031,Intel Core i7-9700,9,8,3.0,16,HDD,500,AMD Radeon Vega,2.0,True,2023,Ubuntu 22.04,x64,2026-06-01
PC-0268,Library,Programming Lab,11.13499,79.48838,Intel Core i5-8500,8,6,3.0,4,HDD,500,AMD Radeon Vega,None,False,2023,Ubuntu 24.04,x64,2026-06-01
PC-0269,Block C,CAD Lab,11.14532,79.485564,Intel Core i3-6100,6,2,3.7,4,HDD,500,AMD Radeon Vega,1.2,False,2020,Windows 11,x64,2026-06-01
PC-0270,Block D,Network Lab,11.134522,79.499931,Intel Core i7-9700,9,8,3.0,32,SSD,512,NVIDIA GTX 1050,2.0,True,2018,Linux Mint 22,x64,2026-06-01
PC-0271,Block C,CAD Lab,11.139357,79.48366,Intel Core i3-6100,6,2,3.7,32,HDD,500,Integrated,None,False,2025,Ubuntu 24.04,x64,2026-06-01
PC-0272,Block D,Network Lab,11.139567,79.479008,Intel Core i7-9700,9,8,3.0,16,HDD,500,AMD Radeon Vega,2.0,True,2018,Ubuntu 22.04,x64,2026-06-01
PC-0273,Block A,Network Lab,11.14548,79.486557,AMD Ryzen 5 5600G,5,6,3.9,32,HDD,500,NVIDIA GTX 1050,None,False,2025,Windows 11,x64,2026-06-01
PC-0274,Block D,CAD Lab,11.149214,79.482964,Intel Core i5-7400,7,4,3.0,32,SSD,512,Integrated,None,False,2020,Windows 11,x64,2026-06-01
PC-0275,Block D,Language Lab,11.136174,79.49257,Intel Core i7-9700,9,8,3.0,4,SSD,512,Integrated,2.0,True,2018,Windows 11,x64,2026-06-01
PC-0276,Library,AI Lab,11.137871,79.495879,Intel Core i5-8500,8,6,3.0,8,SSD,256,AMD Radeon Vega,1.2,False,2022,Windows 10,x64,2026-06-01
PC-0277,Library,CAD Lab,11.14056,79.483736,AMD Ryzen 3 3200G,3,4,3.6,16,SSD,512,Integrated,None,False,2021,Ubuntu 24.04,x64,2026-06-01
PC-0278,Library,Language Lab,11.139161,79.475491,Intel Core i3-6100,6,2,3.7,8,SSD,128,AMD Radeon Vega,None,False,2019,Windows 11,x64,2026-06-01
PC-0279,Library,CAD Lab,11.135573,79.489065,Intel Core i7-9700,9,8,3.0,16,SSD,128,AMD Radeon Vega,1.2,False,2019,Ubuntu 22.04,x64,2026-06-01
PC-0280,Library,AI Lab,11.15526,79.488582,Intel Core i7-9700,9,8,3.0,8,SSD,256,NVIDIA GTX 1050,None,False,2017,Ubuntu 24.04,x64,2026-06-01
PC-0281,Block D,AI Lab,11.142274,79.484752,Intel Core i5-7400,7,4,3.0,16,SSD,512,AMD Radeon Vega,2.0,True,2024,Ubuntu 22.04,x64,2026-06-01
PC-0282,Block D,AI Lab,11.138246,79.486128,Intel Core i3-6100,6,2,3.7,8,HDD,500,Integrated,1.2,False,2024,Windows 10,x64,2026-06-01
PC-0283,Library,Research Lab,11.153253,79.494698,Intel Core i7-9700,9,8,3.0,16,HDD,500,NVIDIA GTX 1050,None,False,2025,Ubuntu 24.04,x64,2026-06-01
PC-0284,Block A,Research Lab,11.138931,79.499979,Intel Core i7-9700,9,8,3.0,16,SSD,128,NVIDIA GTX 1050,None,False,2021,Windows 11,x64,2026-06-01
PC-0285,Block C,Programming Lab,11.150674,79.495831,Intel Core i7-9700,9,8,3.0,8,HDD,500,AMD Radeon Vega,None,False,2023,Linux Mint 22,x64,2026-06-01
PC-0286,Block B,Language Lab,11.140524,79.478433,Intel Core i5-7400,7,4,3.0,8,SSD,128,AMD Radeon Vega,None,False,2019,Linux Mint 22,x64,2026-06-01
PC-0287,Block C,Research Lab,11.159565,79.490379,Intel Core i5-8500,8,6,3.0,16,SSD,256,Integrated,1.2,False,2019,Linux Mint 22,x64,2026-06-01
PC-0288,Block D,Programming Lab,11.134387,79.479663,Intel Core i5-8500,8,6,3.0,32,SSD,128,Integrated,None,False,2023,Windows 11,x64,2026-06-01
PC-0289,Block D,AI Lab,11.14356,79.489009,AMD Ryzen 3 3200G,3,4,3.6,32,SSD,256,Integrated,1.2,False,2023,Ubuntu 22.04,x64,2026-06-01
PC-0290,Library,Research Lab,11.147459,79.496067,Intel Core i5-8500,8,6,3.0,16,SSD,256,AMD Radeon Vega,1.2,False,2018,Ubuntu 24.04,x64,2026-06-01
PC-0291,Admin,CAD Lab,11.136535,79.482889,AMD Ryzen 5 5600G,5,6,3.9,4,SSD,256,Integrated,2.0,True,2024,Ubuntu 22.04,x64,2026-06-01
PC-0292,Block C,Network Lab,11.146984,79.48456,Intel Core i5-8500,8,6,3.0,16,SSD,256,NVIDIA GTX 1050,2.0,True,2017,Windows 11,x64,2026-06-01
PC-0293,Block A,Programming Lab,11.143239,79.47002,AMD Ryzen 5 5600G,5,6,3.9,4,SSD,512,NVIDIA GTX 1050,None,False,2020,Windows 11,x64,2026-06-01
PC-0294,Admin,AI Lab,11.149638,79.477512,AMD Ryzen 5 5600G,5,6,3.9,8,SSD,256,NVIDIA GTX 1050,1.2,False,2019,Windows 10,x64,2026-06-01
PC-0295,Block A,CAD Lab,11.142877,79.472736,AMD Ryzen 5 5600G,5,6,3.9,32,SSD,256,Integrated,2.0,True,2017,Windows 11,x64,2026-06-01
PC-0296,Block B,CAD Lab,11.150399,79.470279,Intel Core i3-6100,6,2,3.7,16,SSD,128,AMD Radeon Vega,None,False,2022,Linux Mint 22,x64,2026-06-01
PC-0297,Block A,CAD Lab,11.141492,79.491923,AMD Ryzen 5 5600G,5,6,3.9,16,SSD,128,Integrated,None,False,2018,Windows 11,x64,2026-06-01
PC-0298,Block C,Network Lab,11.132052,79.486899,Intel Core i5-8500,8,6,3.0,16,SSD,128,AMD Radeon Vega,None,False,2019,Windows 11,x64,2026-06-01
PC-0299,Block D,Network Lab,11.157597,79.488482,AMD Ryzen 5 5600G,5,6,3.9,32,SSD,128,NVIDIA GTX 1050,2.0,True,2020,Windows 11,x64,2026-06-01
PC-0300,Block A,Programming Lab,11.140546,79.482882,Intel Core i5-7400,7,4,3.0,16,HDD,500,Integrated,2.0,True,2020,Ubuntu 22.04,x64,2026-06-01
PC-0301,Block C,Research Lab,11.151635,79.478548,Intel Core i3-6100,6,2,3.7,16,SSD,128,AMD Radeon Vega,2.0,True,2017,Linux Mint 22,x64,2026-06-01
PC-0302,Admin,Network Lab,11.149385,79.493514,Intel Core i5-7400,7,4,3.0,32,SSD,128,Integrated,1.2,False,2024,Ubuntu 24.04,x64,2026-06-01
PC-0303,Block D,Programming Lab,11.145849,79.499331,Intel Core i5-7400,7,4,3.0,32,SSD,512,NVIDIA GTX 1050,2.0,True,2022,Windows 10,x64,2026-06-01
PC-0304,Block B,CAD Lab,11.152882,79.498634,AMD Ryzen 3 3200G,3,4,3.6,8,SSD,512,Integrated,2.0,True,2017,Windows 11,x64,2026-06-01
PC-0305,Library,Programming Lab,11.15846,79.481939,Intel Core i3-6100,6,2,3.7,8,SSD,256,NVIDIA GTX 1050,None,False,2025,Windows 10,x64,2026-06-01
PC-0306,Block D,CAD Lab,11.14613,79.47458,AMD Ryzen 5 5600G,5,6,3.9,4,SSD,512,Integrated,2.0,True,2021,Linux Mint 22,x64,2026-06-01
PC-0307,Block A,Language Lab,11.147593,79.492897,Intel Core i5-7400,7,4,3.0,16,SSD,128,AMD Radeon Vega,1.2,False,2018,Ubuntu 22.04,x64,2026-06-01
PC-0308,Block C,Research Lab,11.157739,79.47348,Intel Core i7-9700,9,8,3.0,4,SSD,128,AMD Radeon Vega,None,False,2017,Windows 10,x64,2026-06-01
PC-0309,Block C,Research Lab,11.151045,79.474915,AMD Ryzen 5 5600G,5,6,3.9,4,SSD,128,NVIDIA GTX 1050,None,False,2025,Windows 11,x64,2026-06-01
PC-0310,Library,Research Lab,11.151988,79.473542,Intel Core i5-8500,8,6,3.0,8,SSD,128,Integrated,None,False,2022,Ubuntu 24.04,x64,2026-06-01
PC-0311,Block D,Network Lab,11.148826,79.484884,AMD Ryzen 3 3200G,3,4,3.6,8,HDD,500,AMD Radeon Vega,2.0,True,2022,Linux Mint 22,x64,2026-06-01
PC-0312,Block A,CAD Lab,11.1532,79.496828,AMD Ryzen 3 3200G,3,4,3.6,8,SSD,128,AMD Radeon Vega,None,False,2018,Ubuntu 24.04,x64,2026-06-01
PC-0313,Block B,Research Lab,11.131379,79.480919,AMD Ryzen 3 3200G,3,4,3.6,4,HDD,500,Integrated,None,False,2019,Windows 11,x64,2026-06-01
PC-0314,Block A,Language Lab,11.142488,79.491609,AMD Ryzen 5 5600G,5,6,3.9,8,SSD,512,NVIDIA GTX 1050,1.2,False,2018,Windows 11,x64,2026-06-01
PC-0315,Library,Network Lab,11.159442,79.498622,Intel Core i3-6100,6,2,3.7,8,HDD,500,Integrated,None,False,2024,Linux Mint 22,x64,2026-06-01
PC-0316,Block C,Network Lab,11.141068,79.478748,Intel Core i5-8500,8,6,3.0,16,HDD,500,NVIDIA GTX 1050,1.2,False,2020,Windows 10,x64,2026-06-01
PC-0317,Block D,Network Lab,11.152814,79.477354,AMD Ryzen 3 3200G,3,4,3.6,8,SSD,512,Integrated,2.0,True,2023,Linux Mint 22,x64,2026-06-01
PC-0318,Block A,AI Lab,11.15853,79.470044,AMD Ryzen 3 3200G,3,4,3.6,32,SSD,256,AMD Radeon Vega,2.0,True,2023,Windows 10,x64,2026-06-01
PC-0319,Admin,Research Lab,11.142594,79.498836,Intel Core i5-8500,8,6,3.0,8,HDD,500,Integrated,2.0,True,2021,Windows 11,x64,2026-06-01
PC-0320,Block A,Programming Lab,11.159237,79.472547,Intel Core i5-7400,7,4,3.0,32,SSD,512,Integrated,1.2,False,2025,Ubuntu 22.04,x64,2026-06-01
PC-0321,Block B,Research Lab,11.143049,79.498927,Intel Core i7-9700,9,8,3.0,16,HDD,500,Integrated,2.0,True,2021,Windows 10,x64,2026-06-01
PC-0322,Block C,Network Lab,11.137008,79.498307,Intel Core i7-9700,9,8,3.0,8,SSD,256,Integrated,1.2,False,2018,Ubuntu 24.04,x64,2026-06-01
PC-0323,Block B,Programming Lab,11.133622,79.480749,Intel Core i5-7400,7,4,3.0,16,SSD,512,Integrated,1.2,False,2024,Ubuntu 22.04,x64,2026-06-01
PC-0324,Block C,CAD Lab,11.154792,79.490906,Intel Core i5-8500,8,6,3.0,4,HDD,500,Integrated,None,False,2020,Ubuntu 24.04,x64,2026-06-01
PC-0325,Block C,AI Lab,11.131469,79.478965,Intel Core i3-6100,6,2,3.7,8,SSD,128,Integrated,1.2,False,2017,Linux Mint 22,x64,2026-06-01
PC-0326,Block D,CAD Lab,11.154117,79.474194,AMD Ryzen 3 3200G,3,4,3.6,4,SSD,128,Integrated,1.2,False,2017,Windows 10,x64,2026-06-01
PC-0327,Block B,AI Lab,11.14747,79.477765,Intel Core i5-7400,7,4,3.0,8,SSD,512,Integrated,2.0,True,2017,Windows 10,x64,2026-06-01
PC-0328,Block A,AI Lab,11.133676,79.498268,AMD Ryzen 5 5600G,5,6,3.9,8,SSD,512,Integrated,None,False,2019,Ubuntu 24.04,x64,2026-06-01
PC-0329,Library,CAD Lab,11.150496,79.475184,AMD Ryzen 5 5600G,5,6,3.9,16,SSD,512,Integrated,None,False,2019,Ubuntu 22.04,x64,2026-06-01
PC-0330,Block C,Network Lab,11.148509,79.489418,Intel Core i7-9700,9,8,3.0,4,SSD,128,NVIDIA GTX 1050,2.0,True,2023,Linux Mint 22,x64,2026-06-01
PC-0331,Library,CAD Lab,11.142577,79.48928,Intel Core i3-6100,6,2,3.7,8,HDD,500,AMD Radeon Vega,1.2,False,2020,Windows 11,x64,2026-06-01
PC-0332,Admin,Language Lab,11.146336,79.48454,Intel Core i3-6100,6,2,3.7,32,SSD,512,AMD Radeon Vega,1.2,False,2025,Ubuntu 22.04,x64,2026-06-01
PC-0333,Block C,CAD Lab,11.136571,79.496873,Intel Core i5-8500,8,6,3.0,4,SSD,128,NVIDIA GTX 1050,1.2,False,2017,Linux Mint 22,x64,2026-06-01
PC-0334,Block D,Language Lab,11.149706,79.477996,Intel Core i5-8500,8,6,3.0,8,SSD,128,AMD Radeon Vega,None,False,2017,Windows 11,x64,2026-06-01
PC-0335,Block B,Language Lab,11.147776,79.494186,Intel Core i7-9700,9,8,3.0,8,SSD,256,AMD Radeon Vega,None,False,2022,Windows 11,x64,2026-06-01
PC-0336,Library,Programming Lab,11.146893,79.475647,AMD Ryzen 5 5600G,5,6,3.9,16,SSD,256,NVIDIA GTX 1050,2.0,True,2025,Windows 11,x64,2026-06-01
PC-0337,Block C,AI Lab,11.14805,79.470598,Intel Core i7-9700,9,8,3.0,4,HDD,500,NVIDIA GTX 1050,None,False,2017,Windows 11,x64,2026-06-01
PC-0338,Block C,Language Lab,11.157563,79.495329,Intel Core i5-7400,7,4,3.0,8,SSD,128,NVIDIA GTX 1050,2.0,True,2017,Windows 11,x64,2026-06-01
PC-0339,Block A,AI Lab,11.158817,79.481208,AMD Ryzen 3 3200G,3,4,3.6,4,SSD,128,AMD Radeon Vega,2.0,True,2023,Ubuntu 24.04,x64,2026-06-01
PC-0340,Library,Programming Lab,11.151971,79.483106,Intel Core i5-8500,8,6,3.0,8,SSD,256,AMD Radeon Vega,None,False,2024,Windows 11,x64,2026-06-01
PC-0341,Admin,Network Lab,11.154434,79.481352,Intel Core i5-7400,7,4,3.0,8,SSD,256,AMD Radeon Vega,2.0,True,2021,Linux Mint 22,x64,2026-06-01
PC-0342,Block B,AI Lab,11.155523,79.493125,AMD Ryzen 5 5600G,5,6,3.9,32,HDD,500,AMD Radeon Vega,2.0,True,2017,Ubuntu 22.04,x64,2026-06-01
PC-0343,Block B,Language Lab,11.158101,79.474219,Intel Core i5-8500,8,6,3.0,32,SSD,128,AMD Radeon Vega,2.0,True,2018,Windows 10,x64,2026-06-01
PC-0344,Block B,Network Lab,11.143399,79.477956,Intel Core i5-8500,8,6,3.0,32,SSD,128,Integrated,None,False,2018,Ubuntu 24.04,x64,2026-06-01
PC-0345,Block C,Network Lab,11.151978,79.499073,Intel Core i3-6100,6,2,3.7,4,HDD,500,NVIDIA GTX 1050,1.2,False,2024,Ubuntu 22.04,x64,2026-06-01
PC-0346,Block D,Network Lab,11.149529,79.490615,AMD Ryzen 3 3200G,3,4,3.6,4,SSD,512,Integrated,1.2,False,2024,Linux Mint 22,x64,2026-06-01
PC-0347,Block A,Programming Lab,11.132226,79.475103,Intel Core i5-8500,8,6,3.0,8,HDD,500,NVIDIA GTX 1050,1.2,False,2019,Windows 10,x64,2026-06-01
PC-0348,Admin,Programming Lab,11.156797,79.491135,AMD Ryzen 3 3200G,3,4,3.6,8,HDD,500,NVIDIA GTX 1050,2.0,True,2019,Linux Mint 22,x64,2026-06-01
PC-0349,Library,CAD Lab,11.159232,79.482278,Intel Core i5-7400,7,4,3.0,4,HDD,500,AMD Radeon Vega,1.2,False,2025,Windows 11,x64,2026-06-01
PC-0350,Block C,Research Lab,11.141787,79.48649,Intel Core i5-8500,8,6,3.0,8,SSD,256,NVIDIA GTX 1050,None,False,2019,Windows 10,x64,2026-06-01
PC-0351,Block A,Network Lab,11.14441,79.47291,Intel Core i3-6100,6,2,3.7,4,SSD,512,Integrated,1.2,False,2019,Linux Mint 22,x64,2026-06-01
PC-0352,Admin,Network Lab,11.144128,79.496846,Intel Core i3-6100,6,2,3.7,4,SSD,512,NVIDIA GTX 1050,1.2,False,2018,Ubuntu 22.04,x64,2026-06-01
PC-0353,Admin,Language Lab,11.135597,79.471339,Intel Core i7-9700,9,8,3.0,8,SSD,128,NVIDIA GTX 1050,1.2,False,2024,Ubuntu 24.04,x64,2026-06-01
PC-0354,Block C,AI Lab,11.132571,79.480314,Intel Core i5-8500,8,6,3.0,8,HDD,500,AMD Radeon Vega,2.0,True,2023,Windows 10,x64,2026-06-01
PC-0355,Library,AI Lab,11.158969,79.490612,AMD Ryzen 3 3200G,3,4,3.6,16,HDD,500,NVIDIA GTX 1050,2.0,True,2020,Ubuntu 22.04,x64,2026-06-01
PC-0356,Block D,Network Lab,11.147137,79.485505,Intel Core i3-6100,6,2,3.7,32,SSD,512,AMD Radeon Vega,None,False,2019,Linux Mint 22,x64,2026-06-01
PC-0357,Block A,CAD Lab,11.13128,79.472351,Intel Core i5-7400,7,4,3.0,8,SSD,128,AMD Radeon Vega,None,False,2023,Windows 11,x64,2026-06-01
PC-0358,Block B,Research Lab,11.132611,79.486691,Intel Core i5-7400,7,4,3.0,8,SSD,256,AMD Radeon Vega,2.0,True,2022,Windows 10,x64,2026-06-01
PC-0359,Block C,Language Lab,11.145677,79.482588,Intel Core i7-9700,9,8,3.0,32,HDD,500,NVIDIA GTX 1050,2.0,True,2019,Linux Mint 22,x64,2026-06-01
PC-0360,Block B,Language Lab,11.153572,79.496024,AMD Ryzen 3 3200G,3,4,3.6,4,HDD,500,NVIDIA GTX 1050,2.0,True,2023,Windows 10,x64,2026-06-01
PC-0361,Block C,CAD Lab,11.131124,79.478262,AMD Ryzen 5 5600G,5,6,3.9,16,SSD,512,Integrated,2.0,True,2023,Ubuntu 22.04,x64,2026-06-01
PC-0362,Block A,CAD Lab,11.157625,79.496911,Intel Core i5-8500,8,6,3.0,4,SSD,128,Integrated,2.0,True,2022,Ubuntu 22.04,x64,2026-06-01
PC-0363,Block C,Network Lab,11.159175,79.476839,Intel Core i5-8500,8,6,3.0,32,SSD,512,NVIDIA GTX 1050,2.0,True,2024,Windows 10,x64,2026-06-01
PC-0364,Block C,Network Lab,11.135638,79.476342,AMD Ryzen 5 5600G,5,6,3.9,16,SSD,512,NVIDIA GTX 1050,2.0,True,2024,Windows 10,x64,2026-06-01
PC-0365,Library,Network Lab,11.142102,79.493415,Intel Core i3-6100,6,2,3.7,4,SSD,128,AMD Radeon Vega,1.2,False,2017,Linux Mint 22,x64,2026-06-01
PC-0366,Block B,AI Lab,11.131517,79.480811,Intel Core i5-7400,7,4,3.0,8,HDD,500,Integrated,None,False,2021,Ubuntu 22.04,x64,2026-06-01
PC-0367,Block C,CAD Lab,11.137258,79.484664,AMD Ryzen 3 3200G,3,4,3.6,32,SSD,512,NVIDIA GTX 1050,None,False,2019,Windows 10,x64,2026-06-01
PC-0368,Block D,Language Lab,11.152469,79.490666,AMD Ryzen 3 3200G,3,4,3.6,8,SSD,256,NVIDIA GTX 1050,None,False,2017,Ubuntu 24.04,x64,2026-06-01
PC-0369,Block D,Programming Lab,11.150331,79.478073,Intel Core i5-7400,7,4,3.0,8,SSD,128,NVIDIA GTX 1050,2.0,True,2025,Windows 11,x64,2026-06-01
PC-0370,Block A,Research Lab,11.148034,79.470254,Intel Core i3-6100,6,2,3.7,8,SSD,512,NVIDIA GTX 1050,2.0,True,2021,Windows 11,x64,2026-06-01
PC-0371,Admin,Research Lab,11.14377,79.476546,AMD Ryzen 5 5600G,5,6,3.9,16,SSD,256,NVIDIA GTX 1050,1.2,False,2025,Ubuntu 24.04,x64,2026-06-01
PC-0372,Library,CAD Lab,11.146844,79.487813,AMD Ryzen 3 3200G,3,4,3.6,4,HDD,500,NVIDIA GTX 1050,2.0,True,2021,Ubuntu 24.04,x64,2026-06-01
PC-0373,Admin,Programming Lab,11.155845,79.477834,Intel Core i7-9700,9,8,3.0,8,HDD,500,AMD Radeon Vega,1.2,False,2021,Ubuntu 24.04,x64,2026-06-01
PC-0374,Block B,AI Lab,11.149816,79.490423,AMD Ryzen 3 3200G,3,4,3.6,4,SSD,128,AMD Radeon Vega,2.0,True,2017,Ubuntu 22.04,x64,2026-06-01
PC-0375,Admin,CAD Lab,11.152102,79.487491,Intel Core i5-8500,8,6,3.0,16,SSD,256,AMD Radeon Vega,1.2,False,2020,Ubuntu 22.04,x64,2026-06-01
PC-0376,Block C,Research Lab,11.157196,79.490156,AMD Ryzen 5 5600G,5,6,3.9,32,SSD,128,AMD Radeon Vega,2.0,True,2021,Ubuntu 22.04,x64,2026-06-01
PC-0377,Block B,Research Lab,11.133838,79.47776,AMD Ryzen 3 3200G,3,4,3.6,8,SSD,128,AMD Radeon Vega,None,False,2019,Ubuntu 22.04,x64,2026-06-01
PC-0378,Admin,Network Lab,11.152326,79.479213,AMD Ryzen 5 5600G,5,6,3.9,8,HDD,500,NVIDIA GTX 1050,1.2,False,2022,Windows 11,x64,2026-06-01
PC-0379,Block C,Language Lab,11.155992,79.487507,Intel Core i5-8500,8,6,3.0,4,SSD,512,AMD Radeon Vega,1.2,False,2018,Windows 10,x64,2026-06-01
PC-0380,Block D,AI Lab,11.138951,79.471622,AMD Ryzen 3 3200G,3,4,3.6,32,HDD,500,Integrated,1.2,False,2019,Linux Mint 22,x64,2026-06-01
PC-0381,Block B,Network Lab,11.153368,79.484627,Intel Core i7-9700,9,8,3.0,8,SSD,512,AMD Radeon Vega,1.2,False,2019,Windows 11,x64,2026-06-01
PC-0382,Block C,Research Lab,11.152836,79.475058,Intel Core i3-6100,6,2,3.7,16,HDD,500,Integrated,1.2,False,2024,Windows 11,x64,2026-06-01
PC-0383,Block A,AI Lab,11.142871,79.484322,AMD Ryzen 3 3200G,3,4,3.6,32,SSD,512,Integrated,1.2,False,2017,Ubuntu 22.04,x64,2026-06-01
PC-0384,Library,AI Lab,11.135717,79.490302,AMD Ryzen 5 5600G,5,6,3.9,4,SSD,256,AMD Radeon Vega,1.2,False,2020,Linux Mint 22,x64,2026-06-01
PC-0385,Block B,Research Lab,11.1451,79.479183,Intel Core i5-8500,8,6,3.0,8,SSD,256,Integrated,None,False,2017,Ubuntu 22.04,x64,2026-06-01
PC-0386,Block C,Network Lab,11.140282,79.497042,Intel Core i7-9700,9,8,3.0,16,SSD,256,NVIDIA GTX 1050,2.0,True,2020,Windows 11,x64,2026-06-01
PC-0387,Block B,CAD Lab,11.136336,79.470657,Intel Core i3-6100,6,2,3.7,8,SSD,128,AMD Radeon Vega,2.0,True,2019,Windows 11,x64,2026-06-01
PC-0388,Block A,Network Lab,11.153137,79.488694,AMD Ryzen 5 5600G,5,6,3.9,16,HDD,500,AMD Radeon Vega,2.0,True,2017,Ubuntu 24.04,x64,2026-06-01
PC-0389,Admin,Programming Lab,11.142503,79.481408,AMD Ryzen 5 5600G,5,6,3.9,4,HDD,500,AMD Radeon Vega,2.0,True,2021,Windows 10,x64,2026-06-01
PC-0390,Block D,Research Lab,11.139033,79.48985,Intel Core i5-7400,7,4,3.0,32,SSD,128,AMD Radeon Vega,2.0,True,2025,Windows 10,x64,2026-06-01
PC-0391,Block C,Language Lab,11.151563,79.473532,AMD Ryzen 3 3200G,3,4,3.6,16,SSD,128,Integrated,None,False,2018,Linux Mint 22,x64,2026-06-01
PC-0392,Block D,AI Lab,11.140738,79.482293,AMD Ryzen 3 3200G,3,4,3.6,8,SSD,128,Integrated,2.0,True,2017,Windows 11,x64,2026-06-01
PC-0393,Library,CAD Lab,11.130382,79.47267,Intel Core i5-7400,7,4,3.0,8,SSD,512,Integrated,None,False,2024,Windows 10,x64,2026-06-01
PC-0394,Block B,Programming Lab,11.157143,79.48933,AMD Ryzen 3 3200G,3,4,3.6,32,HDD,500,NVIDIA GTX 1050,2.0,True,2021,Windows 10,x64,2026-06-01
PC-0395,Block C,CAD Lab,11.140806,79.490303,Intel Core i3-6100,6,2,3.7,8,HDD,500,NVIDIA GTX 1050,None,False,2018,Ubuntu 24.04,x64,2026-06-01
PC-0396,Block A,Programming Lab,11.13986,79.496836,Intel Core i3-6100,6,2,3.7,32,SSD,128,AMD Radeon Vega,2.0,True,2021,Windows 11,x64,2026-06-01
PC-0397,Admin,Programming Lab,11.142008,79.483696,Intel Core i5-8500,8,6,3.0,8,SSD,256,NVIDIA GTX 1050,None,False,2024,Ubuntu 22.04,x64,2026-06-01
PC-0398,Block D,Research Lab,11.159447,79.49533,Intel Core i5-7400,7,4,3.0,8,HDD,500,Integrated,2.0,True,2023,Windows 10,x64,2026-06-01
PC-0399,Library,CAD Lab,11.153375,79.488341,AMD Ryzen 3 3200G,3,4,3.6,8,SSD,512,AMD Radeon Vega,2.0,True,2019,Ubuntu 22.04,x64,2026-06-01
PC-0400,Block D,CAD Lab,11.137848,79.479427,Intel Core i3-6100,6,2,3.7,16,SSD,512,AMD Radeon Vega,None,False,2025,Windows 10,x64,2026-06-01
PC-0401,Admin,Language Lab,11.145693,79.491017,AMD Ryzen 5 5600G,5,6,3.9,32,SSD,128,Integrated,1.2,False,2023,Linux Mint 22,x64,2026-06-01
PC-0402,Admin,Research Lab,11.13446,79.494793,Intel Core i5-7400,7,4,3.0,8,SSD,512,AMD Radeon Vega,2.0,True,2017,Ubuntu 22.04,x64,2026-06-01
PC-0403,Block A,Research Lab,11.152543,79.479619,Intel Core i5-7400,7,4,3.0,16,SSD,512,NVIDIA GTX 1050,None,False,2021,Windows 10,x64,2026-06-01
PC-0404,Block A,Language Lab,11.143773,79.494038,Intel Core i5-7400,7,4,3.0,16,SSD,512,NVIDIA GTX 1050,None,False,2018,Windows 10,x64,2026-06-01
PC-0405,Block D,CAD Lab,11.133079,79.48237,Intel Core i5-8500,8,6,3.0,16,HDD,500,AMD Radeon Vega,2.0,True,2025,Windows 10,x64,2026-06-01
PC-0406,Block A,Programming Lab,11.149638,79.483686,AMD Ryzen 3 3200G,3,4,3.6,16,SSD,256,NVIDIA GTX 1050,2.0,True,2022,Windows 11,x64,2026-06-01
PC-0407,Block A,AI Lab,11.144194,79.489715,Intel Core i7-9700,9,8,3.0,16,SSD,256,AMD Radeon Vega,2.0,True,2024,Linux Mint 22,x64,2026-06-01
PC-0408,Block A,Programming Lab,11.154897,79.498933,AMD Ryzen 5 5600G,5,6,3.9,4,SSD,128,NVIDIA GTX 1050,1.2,False,2025,Ubuntu 24.04,x64,2026-06-01
PC-0409,Library,Network Lab,11.134213,79.491506,AMD Ryzen 5 5600G,5,6,3.9,4,HDD,500,AMD Radeon Vega,None,False,2023,Ubuntu 22.04,x64,2026-06-01
PC-0410,Block A,Network Lab,11.136468,79.494737,AMD Ryzen 3 3200G,3,4,3.6,8,SSD,128,Integrated,None,False,2022,Ubuntu 22.04,x64,2026-06-01
PC-0411,Block A,CAD Lab,11.158686,79.474039,Intel Core i3-6100,6,2,3.7,16,HDD,500,NVIDIA GTX 1050,1.2,False,2017,Linux Mint 22,x64,2026-06-01
PC-0412,Library,Research Lab,11.153432,79.497305,Intel Core i3-6100,6,2,3.7,16,SSD,512,AMD Radeon Vega,1.2,False,2019,Linux Mint 22,x64,2026-06-01
PC-0413,Admin,AI Lab,11.156481,79.485123,Intel Core i3-6100,6,2,3.7,32,SSD,512,NVIDIA GTX 1050,2.0,True,2023,Linux Mint 22,x64,2026-06-01
PC-0414,Library,Research Lab,11.143585,79.474001,Intel Core i5-7400,7,4,3.0,16,SSD,256,NVIDIA GTX 1050,1.2,False,2025,Ubuntu 24.04,x64,2026-06-01
PC-0415,Block C,Research Lab,11.148977,79.476027,AMD Ryzen 3 3200G,3,4,3.6,32,SSD,256,AMD Radeon Vega,2.0,True,2021,Linux Mint 22,x64,2026-06-01
PC-0416,Admin,Network Lab,11.145117,79.490829,AMD Ryzen 5 5600G,5,6,3.9,32,SSD,128,NVIDIA GTX 1050,2.0,True,2018,Windows 11,x64,2026-06-01
PC-0417,Block C,Language Lab,11.138578,79.495419,Intel Core i7-9700,9,8,3.0,32,SSD,512,Integrated,2.0,True,2025,Linux Mint 22,x64,2026-06-01
PC-0418,Block A,Programming Lab,11.135997,79.492506,Intel Core i7-9700,9,8,3.0,4,SSD,128,Integrated,2.0,True,2021,Windows 10,x64,2026-06-01
PC-0419,Admin,Network Lab,11.152608,79.470969,Intel Core i5-7400,7,4,3.0,32,HDD,500,NVIDIA GTX 1050,1.2,False,2018,Windows 11,x64,2026-06-01
PC-0420,Library,Research Lab,11.141667,79.485328,AMD Ryzen 5 5600G,5,6,3.9,32,SSD,128,AMD Radeon Vega,2.0,True,2021,Linux Mint 22,x64,2026-06-01
PC-0421,Admin,Research Lab,11.158975,79.471614,Intel Core i3-6100,6,2,3.7,16,SSD,512,AMD Radeon Vega,1.2,False,2021,Ubuntu 24.04,x64,2026-06-01
PC-0422,Block B,Language Lab,11.152653,79.486398,Intel Core i7-9700,9,8,3.0,32,SSD,128,AMD Radeon Vega,2.0,True,2020,Ubuntu 24.04,x64,2026-06-01
PC-0423,Admin,AI Lab,11.135609,79.475214,Intel Core i5-8500,8,6,3.0,8,SSD,512,AMD Radeon Vega,2.0,True,2018,Windows 10,x64,2026-06-01
PC-0424,Block D,Programming Lab,11.134828,79.49538,Intel Core i7-9700,9,8,3.0,16,SSD,256,Integrated,1.2,False,2022,Windows 11,x64,2026-06-01
PC-0425,Block D,Research Lab,11.131526,79.497971,Intel Core i5-7400,7,4,3.0,8,HDD,500,AMD Radeon Vega,1.2,False,2021,Linux Mint 22,x64,2026-06-01
PC-0426,Block D,Language Lab,11.145762,79.49871,AMD Ryzen 3 3200G,3,4,3.6,4,SSD,256,AMD Radeon Vega,2.0,True,2018,Ubuntu 24.04,x64,2026-06-01
PC-0427,Library,AI Lab,11.156502,79.4899,Intel Core i7-9700,9,8,3.0,4,SSD,512,NVIDIA GTX 1050,1.2,False,2022,Windows 11,x64,2026-06-01
PC-0428,Block C,AI Lab,11.133442,79.48038,AMD Ryzen 3 3200G,3,4,3.6,16,SSD,512,Integrated,2.0,True,2020,Windows 10,x64,2026-06-01
PC-0429,Block A,Research Lab,11.146207,79.478485,Intel Core i5-8500,8,6,3.0,4,SSD,512,AMD Radeon Vega,1.2,False,2022,Ubuntu 24.04,x64,2026-06-01
PC-0430,Library,Language Lab,11.139609,79.47247,Intel Core i7-9700,9,8,3.0,4,SSD,512,Integrated,1.2,False,2019,Windows 11,x64,2026-06-01
PC-0431,Library,Language Lab,11.155949,79.482726,Intel Core i3-6100,6,2,3.7,8,HDD,500,Integrated,2.0,True,2020,Windows 11,x64,2026-06-01
PC-0432,Library,Research Lab,11.130713,79.491506,AMD Ryzen 5 5600G,5,6,3.9,32,SSD,512,Integrated,None,False,2018,Windows 11,x64,2026-06-01
PC-0433,Block A,Programming Lab,11.154649,79.49733,Intel Core i5-7400,7,4,3.0,16,SSD,256,NVIDIA GTX 1050,None,False,2023,Linux Mint 22,x64,2026-06-01
PC-0434,Block D,Research Lab,11.150199,79.486045,Intel Core i7-9700,9,8,3.0,8,SSD,512,AMD Radeon Vega,None,False,2018,Ubuntu 22.04,x64,2026-06-01
PC-0435,Admin,Language Lab,11.138695,79.490576,Intel Core i3-6100,6,2,3.7,8,HDD,500,AMD Radeon Vega,2.0,True,2018,Windows 10,x64,2026-06-01
PC-0436,Block C,CAD Lab,11.13469,79.476596,Intel Core i7-9700,9,8,3.0,32,SSD,512,AMD Radeon Vega,None,False,2023,Ubuntu 22.04,x64,2026-06-01
PC-0437,Library,Network Lab,11.158722,79.470335,AMD Ryzen 5 5600G,5,6,3.9,8,SSD,128,AMD Radeon Vega,2.0,True,2019,Ubuntu 24.04,x64,2026-06-01
PC-0438,Block A,Programming Lab,11.139141,79.492449,Intel Core i3-6100,6,2,3.7,16,SSD,512,AMD Radeon Vega,2.0,True,2022,Windows 10,x64,2026-06-01
PC-0439,Block B,CAD Lab,11.148507,79.477582,AMD Ryzen 5 5600G,5,6,3.9,8,SSD,128,Integrated,None,False,2019,Windows 11,x64,2026-06-01
PC-0440,Admin,Language Lab,11.13872,79.472021,Intel Core i3-6100,6,2,3.7,32,SSD,512,Integrated,2.0,True,2020,Windows 10,x64,2026-06-01
PC-0441,Admin,Language Lab,11.133001,79.488585,Intel Core i7-9700,9,8,3.0,8,SSD,256,Integrated,None,False,2022,Windows 11,x64,2026-06-01
PC-0442,Block D,CAD Lab,11.146967,79.480935,Intel Core i5-8500,8,6,3.0,32,SSD,256,NVIDIA GTX 1050,2.0,True,2023,Windows 11,x64,2026-06-01
PC-0443,Block B,Programming Lab,11.1383,79.480785,Intel Core i5-8500,8,6,3.0,8,SSD,128,AMD Radeon Vega,2.0,True,2022,Ubuntu 22.04,x64,2026-06-01
PC-0444,Block D,CAD Lab,11.133265,79.489367,Intel Core i7-9700,9,8,3.0,8,SSD,256,Integrated,1.2,False,2021,Linux Mint 22,x64,2026-06-01
PC-0445,Block B,Language Lab,11.151823,79.496763,Intel Core i5-7400,7,4,3.0,32,SSD,256,AMD Radeon Vega,2.0,True,2017,Windows 10,x64,2026-06-01
PC-0446,Library,Language Lab,11.146304,79.499962,Intel Core i7-9700,9,8,3.0,4,SSD,128,NVIDIA GTX 1050,2.0,True,2019,Ubuntu 24.04,x64,2026-06-01
PC-0447,Block C,CAD Lab,11.145312,79.481904,Intel Core i5-7400,7,4,3.0,8,SSD,256,AMD Radeon Vega,1.2,False,2017,Linux Mint 22,x64,2026-06-01
PC-0448,Admin,AI Lab,11.134777,79.486991,AMD Ryzen 3 3200G,3,4,3.6,16,SSD,128,AMD Radeon Vega,None,False,2019,Ubuntu 22.04,x64,2026-06-01
PC-0449,Admin,Research Lab,11.136952,79.477931,Intel Core i7-9700,9,8,3.0,4,SSD,256,Integrated,None,False,2017,Ubuntu 22.04,x64,2026-06-01
PC-0450,Admin,AI Lab,11.156447,79.471197,AMD Ryzen 3 3200G,3,4,3.6,16,SSD,256,AMD Radeon Vega,1.2,False,2022,Ubuntu 22.04,x64,2026-06-01
PC-0451,Block A,Research Lab,11.146331,79.475215,AMD Ryzen 3 3200G,3,4,3.6,32,SSD,256,AMD Radeon Vega,1.2,False,2023,Linux Mint 22,x64,2026-06-01
PC-0452,Block C,Language Lab,11.15918,79.476687,AMD Ryzen 5 5600G,5,6,3.9,16,HDD,500,NVIDIA GTX 1050,1.2,False,2022,Ubuntu 22.04,x64,2026-06-01
PC-0453,Block C,CAD Lab,11.134968,79.472313,Intel Core i7-9700,9,8,3.0,16,HDD,500,AMD Radeon Vega,None,False,2021,Ubuntu 22.04,x64,2026-06-01
PC-0454,Block B,AI Lab,11.149833,79.482438,Intel Core i5-7400,7,4,3.0,8,SSD,128,NVIDIA GTX 1050,2.0,True,2018,Windows 10,x64,2026-06-01
PC-0455,Block D,Research Lab,11.149418,79.482327,Intel Core i7-9700,9,8,3.0,8,SSD,512,Integrated,2.0,True,2017,Windows 11,x64,2026-06-01
PC-0456,Block B,Language Lab,11.131176,79.487168,AMD Ryzen 3 3200G,3,4,3.6,8,SSD,128,Integrated,2.0,True,2019,Linux Mint 22,x64,2026-06-01
PC-0457,Block C,AI Lab,11.156355,79.491839,AMD Ryzen 3 3200G,3,4,3.6,16,SSD,512,NVIDIA GTX 1050,2.0,True,2018,Windows 10,x64,2026-06-01
PC-0458,Block B,CAD Lab,11.154911,79.488025,AMD Ryzen 3 3200G,3,4,3.6,16,SSD,512,AMD Radeon Vega,None,False,2019,Windows 11,x64,2026-06-01
PC-0459,Library,Research Lab,11.157671,79.487896,AMD Ryzen 3 3200G,3,4,3.6,8,SSD,256,Integrated,2.0,True,2020,Ubuntu 24.04,x64,2026-06-01
PC-0460,Block D,CAD Lab,11.155788,79.485131,Intel Core i5-7400,7,4,3.0,4,HDD,500,NVIDIA GTX 1050,None,False,2019,Linux Mint 22,x64,2026-06-01
PC-0461,Library,Programming Lab,11.156333,79.485943,Intel Core i5-7400,7,4,3.0,16,SSD,512,Integrated,2.0,True,2018,Windows 10,x64,2026-06-01
PC-0462,Block D,Research Lab,11.145661,79.481111,Intel Core i5-7400,7,4,3.0,32,HDD,500,Integrated,2.0,True,2025,Ubuntu 22.04,x64,2026-06-01
PC-0463,Block D,AI Lab,11.132932,79.474016,Intel Core i7-9700,9,8,3.0,8,SSD,512,NVIDIA GTX 1050,2.0,True,2020,Linux Mint 22,x64,2026-06-01
PC-0464,Block A,Network Lab,11.151274,79.493683,AMD Ryzen 3 3200G,3,4,3.6,8,SSD,512,AMD Radeon Vega,None,False,2025,Windows 10,x64,2026-06-01
PC-0465,Block A,Language Lab,11.142265,79.473197,Intel Core i3-6100,6,2,3.7,32,SSD,512,NVIDIA GTX 1050,None,False,2021,Ubuntu 24.04,x64,2026-06-01
PC-0466,Block C,Language Lab,11.152649,79.482397,Intel Core i7-9700,9,8,3.0,16,SSD,256,AMD Radeon Vega,1.2,False,2024,Ubuntu 22.04,x64,2026-06-01
PC-0467,Block B,Network Lab,11.140331,79.491165,AMD Ryzen 3 3200G,3,4,3.6,8,SSD,512,AMD Radeon Vega,1.2,False,2019,Linux Mint 22,x64,2026-06-01
PC-0468,Admin,Programming Lab,11.133008,79.48525,AMD Ryzen 5 5600G,5,6,3.9,16,SSD,128,NVIDIA GTX 1050,2.0,True,2025,Windows 11,x64,2026-06-01
PC-0469,Library,Research Lab,11.154131,79.494698,AMD Ryzen 5 5600G,5,6,3.9,8,HDD,500,NVIDIA GTX 1050,1.2,False,2023,Windows 10,x64,2026-06-01
PC-0470,Block A,Programming Lab,11.131133,79.48153,Intel Core i5-8500,8,6,3.0,8,SSD,128,NVIDIA GTX 1050,None,False,2025,Linux Mint 22,x64,2026-06-01
PC-0471,Block C,Research Lab,11.143169,79.476051,AMD Ryzen 3 3200G,3,4,3.6,8,HDD,500,AMD Radeon Vega,2.0,True,2025,Ubuntu 22.04,x64,2026-06-01
PC-0472,Block C,AI Lab,11.140792,79.489651,Intel Core i3-6100,6,2,3.7,16,SSD,128,Integrated,None,False,2018,Windows 10,x64,2026-06-01
PC-0473,Block C,CAD Lab,11.145532,79.492108,Intel Core i5-8500,8,6,3.0,16,SSD,512,Integrated,2.0,True,2018,Windows 11,x64,2026-06-01
PC-0474,Library,Network Lab,11.148191,79.475836,AMD Ryzen 5 5600G,5,6,3.9,8,SSD,256,NVIDIA GTX 1050,1.2,False,2017,Windows 11,x64,2026-06-01
PC-0475,Block C,AI Lab,11.138828,79.49841,Intel Core i7-9700,9,8,3.0,16,HDD,500,AMD Radeon Vega,None,False,2021,Linux Mint 22,x64,2026-06-01
PC-0476,Library,Language Lab,11.153099,79.492724,Intel Core i5-8500,8,6,3.0,16,SSD,512,NVIDIA GTX 1050,2.0,True,2024,Ubuntu 22.04,x64,2026-06-01
PC-0477,Library,Programming Lab,11.14901,79.499826,Intel Core i7-9700,9,8,3.0,8,HDD,500,AMD Radeon Vega,None,False,2020,Ubuntu 22.04,x64,2026-06-01
PC-0478,Block C,CAD Lab,11.138619,79.481968,Intel Core i5-8500,8,6,3.0,32,HDD,500,AMD Radeon Vega,1.2,False,2022,Windows 11,x64,2026-06-01
PC-0479,Block A,Language Lab,11.156829,79.478072,Intel Core i5-7400,7,4,3.0,8,SSD,512,AMD Radeon Vega,1.2,False,2020,Windows 11,x64,2026-06-01
PC-0480,Block D,Research Lab,11.136203,79.476083,Intel Core i5-7400,7,4,3.0,32,SSD,128,Integrated,None,False,2022,Ubuntu 24.04,x64,2026-06-01
PC-0481,Block B,Programming Lab,11.148415,79.492927,Intel Core i3-6100,6,2,3.7,32,HDD,500,AMD Radeon Vega,2.0,True,2017,Ubuntu 22.04,x64,2026-06-01
PC-0482,Block D,Network Lab,11.144724,79.499532,AMD Ryzen 3 3200G,3,4,3.6,16,SSD,256,AMD Radeon Vega,2.0,True,2021,Ubuntu 24.04,x64,2026-06-01
PC-0483,Block D,AI Lab,11.14435,79.486223,AMD Ryzen 3 3200G,3,4,3.6,4,SSD,128,AMD Radeon Vega,2.0,True,2022,Ubuntu 22.04,x64,2026-06-01
PC-0484,Block D,Research Lab,11.143802,79.490676,Intel Core i5-7400,7,4,3.0,4,SSD,512,Integrated,2.0,True,2020,Linux Mint 22,x64,2026-06-01
PC-0485,Block D,Language Lab,11.135615,79.477885,Intel Core i3-6100,6,2,3.7,8,SSD,256,NVIDIA GTX 1050,2.0,True,2024,Ubuntu 24.04,x64,2026-06-01
PC-0486,Library,Network Lab,11.142573,79.492566,Intel Core i5-8500,8,6,3.0,16,SSD,128,NVIDIA GTX 1050,1.2,False,2023,Windows 11,x64,2026-06-01
PC-0487,Block C,CAD Lab,11.154426,79.491624,Intel Core i5-7400,7,4,3.0,16,SSD,128,Integrated,2.0,True,2025,Windows 11,x64,2026-06-01
PC-0488,Block D,CAD Lab,11.15417,79.475298,Intel Core i5-7400,7,4,3.0,32,SSD,128,NVIDIA GTX 1050,None,False,2019,Ubuntu 22.04,x64,2026-06-01
PC-0489,Admin,Language Lab,11.146864,79.487035,AMD Ryzen 3 3200G,3,4,3.6,16,SSD,256,NVIDIA GTX 1050,1.2,False,2018,Ubuntu 24.04,x64,2026-06-01
PC-0490,Admin,AI Lab,11.143496,79.48004,Intel Core i3-6100,6,2,3.7,8,SSD,128,NVIDIA GTX 1050,1.2,False,2022,Windows 10,x64,2026-06-01
PC-0491,Library,Language Lab,11.140533,79.490388,Intel Core i5-8500,8,6,3.0,4,SSD,256,AMD Radeon Vega,1.2,False,2020,Windows 10,x64,2026-06-01
PC-0492,Library,Language Lab,11.150196,79.484625,AMD Ryzen 5 5600G,5,6,3.9,8,SSD,128,AMD Radeon Vega,1.2,False,2024,Ubuntu 24.04,x64,2026-06-01
PC-0493,Block A,CAD Lab,11.156048,79.489217,AMD Ryzen 3 3200G,3,4,3.6,16,SSD,256,NVIDIA GTX 1050,2.0,True,2023,Windows 11,x64,2026-06-01
PC-0494,Admin,Language Lab,11.140309,79.479404,AMD Ryzen 3 3200G,3,4,3.6,4,SSD,512,AMD Radeon Vega,None,False,2021,Windows 11,x64,2026-06-01
PC-0495,Admin,Network Lab,11.152437,79.485628,AMD Ryzen 3 3200G,3,4,3.6,8,SSD,512,NVIDIA GTX 1050,1.2,False,2023,Ubuntu 24.04,x64,2026-06-01
PC-0496,Block B,AI Lab,11.158213,79.491021,Intel Core i3-6100,6,2,3.7,32,SSD,128,Integrated,None,False,2020,Ubuntu 24.04,x64,2026-06-01
PC-0497,Block B,CAD Lab,11.131615,79.493128,Intel Core i3-6100,6,2,3.7,4,HDD,500,AMD Radeon Vega,1.2,False,2018,Linux Mint 22,x64,2026-06-01
PC-0498,Block A,Network Lab,11.139281,79.477422,AMD Ryzen 3 3200G,3,4,3.6,4,SSD,128,NVIDIA GTX 1050,2.0,True,2024,Ubuntu 22.04,x64,2026-06-01
PC-0499,Admin,AI Lab,11.155811,79.479756,Intel Core i5-7400,7,4,3.0,4,SSD,128,NVIDIA GTX 1050,None,False,2024,Ubuntu 24.04,x64,2026-06-01
PC-0500,Library,Network Lab,11.135311,79.487928,AMD Ryzen 3 3200G,3,4,3.6,8,SSD,512,AMD Radeon Vega,2.0,True,2023,Linux Mint 22,x64,2026-06-01
